symbol,is_russell3000,is_russell1000,is_russell2000,is_sp500,is_nasdaq100,is_custom
A,1,1,0,0,0,0
AA,1,1,0,0,0,0
AAL,1,1,0,0,0,0
AAMI,1,0,1,0,0,0
AAOI,1,0,1,0,0,0
AAON,1,1,0,0,0,0
AAP,1,0,1,0,0,0
AAPL,1,1,0,1,1,1
AARD,0,0,1,0,0,0
AAT,1,0,1,0,0,0
ABAT,1,0,1,0,0,0
ABBV,1,1,0,1,0,0
ABCB,1,0,1,0,0,0
ABEO,0,0,1,0,0,0
ABG,1,0,1,0,0,0
ABM,1,0,1,0,0,0
ABNB,1,1,0,0,1,0
ABR,1,0,1,0,0,0
ABSI,1,0,1,0,0,0
ABT,1,1,0,1,0,0
ABUS,1,0,1,0,0,0
ABX,0,0,1,0,0,0
ACA,1,0,1,0,0,0
ACAD,1,0,1,0,0,0
ACCO,1,0,1,0,0,0
ACDC,1,0,1,0,0,0
ACEL,1,0,1,0,0,0
ACGL,1,1,0,0,0,0
ACH,1,0,1,0,0,0
ACHC,1,1,0,0,0,0
ACHR,1,0,1,0,0,0
ACI,1,1,0,0,0,0
ACIC,1,0,1,0,0,0
ACIW,1,0,1,0,0,0
ACLS,1,0,1,0,0,0
ACLX,1,0,1,0,0,0
ACM,1,1,0,0,0,0
ACMR,1,0,1,0,0,0
ACN,1,1,0,1,0,0
ACNB,1,0,1,0,0,0
ACNT,0,0,1,0,0,0
ACR,0,0,1,0,0,0
ACRE,1,0,1,0,0,0
ACRS,0,0,1,0,0,0
ACT,1,0,1,0,0,0
ACTG,1,0,1,0,0,0
ACTU,0,0,1,0,0,0
ACU,0,0,1,0,0,0
ACVA,1,0,1,0,0,0
ADAM,1,0,1,0,0,0
ADBE,1,1,0,1,1,0
ADC,1,1,0,0,0,0
ADCT,1,0,1,0,0,0
ADEA,1,0,1,0,0,0
ADI,1,1,0,1,1,0
ADM,1,1,0,0,0,0
ADMA,1,0,1,0,0,0
ADNT,1,0,1,0,0,0
ADP,1,1,0,1,1,0
ADPT,1,0,1,0,0,0
ADRO,1,0,1,0,0,0
ADSK,1,1,0,0,0,0
ADT,1,1,0,0,0,0
ADTN,1,0,1,0,0,0
ADUS,1,0,1,0,0,0
ADV,1,0,1,0,0,0
AEBI,1,0,1,0,0,0
AEE,1,1,0,0,0,0
AEHR,1,0,1,0,0,0
AEIS,1,0,1,0,0,0
AEO,1,0,1,0,0,0
AEP,1,1,0,0,1,0
AES,1,1,0,0,0,0
AESI,1,0,1,0,0,0
AEVA,1,0,1,0,0,0
AEYE,0,0,1,0,0,0
AFG,1,1,0,0,0,0
AFL,1,1,0,0,0,0
AFRI,0,0,1,0,0,0
AFRM,1,1,0,0,0,0
AGCO,1,1,0,0,0,0
AGIO,1,0,1,0,0,0
AGL,1,0,1,0,0,0
AGM,1,0,1,0,0,0
AGNC,1,1,0,0,0,0
AGO,1,1,0,0,0,0
AGX,1,0,1,0,0,0
AGYS,1,0,1,0,0,0
AHCO,1,0,1,0,0,0
AHH,1,0,1,0,0,0
AHL,0,0,1,0,0,0
AHR,1,0,1,0,0,0
AI,1,0,1,0,0,0
AIG,1,1,0,0,0,0
AII,0,0,1,0,0,0
AIN,1,0,1,0,0,0
AIOT,1,0,1,0,0,0
AIP,1,0,1,0,0,0
AIR,1,0,1,0,0,0
AIRJ,0,0,1,0,0,0
AIRO,0,0,1,0,0,0
AIRS,0,0,1,0,0,0
AISP,0,0,1,0,0,0
AIT,1,1,0,0,0,0
AIV,1,0,1,0,0,0
AIZ,1,1,0,0,0,0
AJG,1,1,0,0,0,0
AKAM,1,1,0,0,0,0
AKBA,1,0,1,0,0,0
AKE,1,0,1,0,0,0
AKR,1,0,1,0,0,0
AL,1,1,0,0,0,0
ALAB,1,1,0,0,0,0
ALB,1,1,0,0,0,0
ALCO,0,0,1,0,0,0
ALDX,1,0,1,0,0,0
ALEC,1,0,1,0,0,0
ALEX,1,0,1,0,0,0
ALG,1,0,1,0,0,0
ALGM,1,1,0,0,0,0
ALGN,1,1,0,0,0,0
ALGT,1,0,1,0,0,0
ALH,1,0,1,0,0,0
ALHC,1,0,1,0,0,0
ALIT,1,0,1,0,0,0
ALK,1,1,0,0,0,0
ALKS,1,0,1,0,0,0
ALKT,1,0,1,0,0,0
ALL,1,1,0,0,0,0
ALLE,1,1,0,0,0,0
ALLO,1,0,1,0,0,0
ALLY,1,1,0,0,0,0
ALMS,1,0,1,0,0,0
ALMU,0,0,1,0,0,0
ALNT,1,0,1,0,0,0
ALNY,1,1,0,0,0,0
ALRM,1,0,1,0,0,0
ALRS,1,0,1,0,0,0
ALSN,1,1,0,0,0,0
ALT,1,0,1,0,0,0
ALTG,1,0,1,0,0,0
ALTI,0,0,1,0,0,0
ALX,1,0,1,0,0,0
AM,1,1,0,0,0,0
AMAL,1,0,1,0,0,0
AMAT,1,1,0,1,1,0
AMBA,1,0,1,0,0,0
AMBP,1,0,1,0,0,0
AMBQ,0,0,1,0,0,0
AMC,1,0,1,0,0,0
AMCR,1,1,0,0,0,0
AMCX,1,0,1,0,0,0
AMD,1,1,0,1,1,1
AME,1,1,0,0,0,0
AMG,1,1,0,0,0,0
AMGN,1,1,0,1,1,0
AMH,1,1,0,0,0,0
AMKR,1,1,0,0,0,0
AMLX,1,0,1,0,0,0
AMN,1,0,1,0,0,0
AMP,1,1,0,0,0,0
AMPH,1,0,1,0,0,0
AMPL,1,0,1,0,0,0
AMPX,1,0,1,0,0,0
AMR,1,0,1,0,0,0
AMRC,1,0,1,0,0,0
AMRX,1,0,1,0,0,0
AMSC,1,0,1,0,0,0
AMSF,1,0,1,0,0,0
AMT,1,1,0,0,0,0
AMTB,1,0,1,0,0,0
AMTM,1,1,0,0,0,0
AMWD,1,0,1,0,0,0
AMZN,1,1,0,1,1,0
AN,1,1,0,0,0,0
ANAB,1,0,1,0,0,0
ANDE,1,0,1,0,0,0
ANET,1,1,0,0,0,0
ANF,1,0,1,0,0,0
ANGI,1,0,1,0,0,0
ANGO,1,0,1,0,0,0
ANIK,1,0,1,0,0,0
ANIP,1,0,1,0,0,0
ANNX,1,0,1,0,0,0
ANSS,0,0,0,0,1,0
AOMR,0,0,1,0,0,0
AON,1,1,0,1,0,0
AORT,1,0,1,0,0,0
AOS,1,1,0,0,0,0
AOSL,1,0,1,0,0,0
AOUT,0,0,1,0,0,0
APA,1,1,0,0,0,0
APAM,1,0,1,0,0,0
APD,1,1,0,0,0,0
APEI,1,0,1,0,0,0
APG,1,1,0,0,0,0
APGE,1,0,1,0,0,0
APH,1,1,0,0,0,0
APLD,1,0,1,0,0,0
APLE,1,0,1,0,0,0
APLS,1,1,0,0,0,0
APO,1,1,0,0,0,0
APOG,1,0,1,0,0,0
APP,1,1,0,0,0,0
APPF,1,1,0,0,0,0
APPN,1,0,1,0,0,0
APPS,1,0,1,0,0,0
APTV,1,1,0,0,0,0
AQST,1,0,1,0,0,0
AR,1,1,0,0,0,0
ARAY,1,0,1,0,0,0
ARCB,1,0,1,0,0,0
ARCT,1,0,1,0,0,0
ARDT,0,0,1,0,0,0
ARDX,1,0,1,0,0,0
ARE,1,1,0,0,0,0
AREN,0,0,1,0,0,0
ARES,1,1,0,0,0,0
ARHS,1,0,1,0,0,0
ARI,1,0,1,0,0,0
ARKO,1,0,1,0,0,0
ARL,0,0,1,0,0,0
ARLO,1,0,1,0,0,0
ARMK,1,1,0,0,0,0
AROC,1,0,1,0,0,0
AROW,1,0,1,0,0,0
ARQ,0,0,1,0,0,0
ARQT,1,0,1,0,0,0
ARR,1,0,1,0,0,0
ARRY,1,0,1,0,0,0
ARVN,1,0,1,0,0,0
ARW,1,1,0,0,0,0
ARWR,1,0,1,0,0,0
AS,1,1,0,0,0,0
ASAN,1,0,1,0,0,0
ASB,1,0,1,0,0,0
ASC,1,0,1,0,0,0
ASGN,1,0,1,0,0,0
ASH,1,1,0,0,0,0
ASIC,0,0,1,0,0,0
ASIX,1,0,1,0,0,0
ASLE,1,0,1,0,0,0
ASO,1,0,1,0,0,0
ASPI,1,0,1,0,0,0
ASPN,1,0,1,0,0,0
ASST,0,0,1,0,0,0
ASTE,1,0,1,0,0,0
ASTH,1,0,1,0,0,0
ASTS,1,1,0,0,0,0
ASUR,1,0,1,0,0,0
ATEC,1,0,1,0,0,0
ATEN,1,0,1,0,0,0
ATEX,1,0,1,0,0,0
ATGE,1,0,1,0,0,0
ATI,1,1,0,0,0,0
ATKR,1,0,1,0,0,0
ATLC,0,0,1,0,0,0
ATLO,0,0,1,0,0,0
ATMU,1,0,1,0,0,0
ATNI,1,0,1,0,0,0
ATO,1,1,0,0,0,0
ATOM,0,0,1,0,0,0
ATR,1,1,0,0,0,0
ATRC,1,0,1,0,0,0
ATRO,1,0,1,0,0,0
ATYR,1,0,1,0,0,0
AU,1,1,0,0,0,0
AUB,1,0,1,0,0,0
AUPH,1,0,1,0,0,0
AUR,1,1,0,0,0,0
AURA,1,0,1,0,0,0
AVA,1,0,1,0,0,0
AVAH,1,0,1,0,0,0
AVAV,1,0,1,0,0,0
AVB,1,1,0,0,0,0
AVBH,0,0,1,0,0,0
AVBP,1,0,1,0,0,0
AVD,1,0,1,0,0,0
AVGO,1,1,0,1,1,0
AVIR,1,0,1,0,0,0
AVNS,1,0,1,0,0,0
AVNT,1,0,1,0,0,0
AVNW,1,0,1,0,0,0
AVO,1,0,1,0,0,0
AVPT,1,0,1,0,0,0
AVR,0,0,1,0,0,0
AVT,1,1,0,0,0,0
AVTR,1,1,0,0,0,0
AVXL,1,0,1,0,0,0
AVY,1,1,0,0,0,0
AWI,1,1,0,0,0,0
AWK,1,1,0,0,0,0
AWR,1,0,1,0,0,0
AX,1,0,1,0,0,0
AXGN,1,0,1,0,0,0
AXON,1,1,0,0,0,0
AXP,1,1,0,1,0,0
AXS,1,1,0,0,0,0
AXSM,1,0,1,0,0,0
AXTA,1,1,0,0,0,0
AYI,1,1,0,0,0,0
AZO,1,1,0,0,0,0
AZTA,1,0,1,0,0,0
AZZ,1,0,1,0,0,0
BA,1,1,0,1,0,0
BAC,1,1,0,1,0,0
BAH,1,1,0,0,0,0
BALL,1,1,0,0,0,0
BALY,0,0,1,0,0,0
BAM,1,1,0,0,0,0
BANC,1,0,1,0,0,0
BAND,1,0,1,0,0,0
BANF,1,0,1,0,0,0
BANR,1,0,1,0,0,0
BARK,0,0,1,0,0,0
BATRA,1,0,1,0,0,0
BATRK,1,0,1,0,0,0
BAX,1,1,0,0,0,0
BBAI,1,0,1,0,0,0
BBBY,1,0,1,0,0,0
BBCP,0,0,1,0,0,0
BBIO,1,0,1,0,0,0
BBNX,1,0,1,0,0,0
BBSI,1,0,1,0,0,0
BBT,1,0,1,0,0,0
BBUC,1,0,1,0,0,0
BBW,1,0,1,0,0,0
BBWI,1,1,0,0,0,0
BBY,1,1,0,0,0,0
BC,1,1,0,0,0,0
BCAL,1,0,1,0,0,0
BCAX,1,0,1,0,0,0
BCBP,1,0,1,0,0,0
BCC,1,0,1,0,0,0
BCML,1,0,1,0,0,0
BCO,1,0,1,0,0,0
BCPC,1,0,1,0,0,0
BCRX,1,0,1,0,0,0
BDC,1,0,1,0,0,0
BDN,1,0,1,0,0,0
BDX,1,1,0,0,0,0
BE,1,0,1,0,0,0
BEAM,1,0,1,0,0,0
BEEP,0,0,1,0,0,0
BELFA,0,0,1,0,0,0
BELFB,1,0,1,0,0,0
BEN,1,1,0,0,0,0
BEPC,1,1,0,0,0,0
BETR,1,0,1,0,0,0
BF.B,1,1,0,0,0,0
BFA,1,1,0,0,0,0
BFAM,1,1,0,0,0,0
BFC,1,0,1,0,0,0
BFH,1,0,1,0,0,0
BFLY,1,0,1,0,0,0
BFS,1,0,1,0,0,0
BFST,1,0,1,0,0,0
BG,1,1,0,0,0,0
BGC,1,0,1,0,0,0
BGS,1,0,1,0,0,0
BH,0,0,1,0,0,0
BHB,1,0,1,0,0,0
BHE,1,0,1,0,0,0
BHF,1,1,0,0,0,0
BHR,1,0,1,0,0,0
BHRB,1,0,1,0,0,0
BHVN,1,0,1,0,0,0
BIIB,1,1,0,0,1,0
BILL,1,1,0,0,0,0
BIO,1,1,0,0,0,0
BIOA,0,0,1,0,0,0
BIPC,1,0,1,0,0,0
BIRK,1,1,0,0,0,0
BJ,1,1,0,0,0,0
BJRI,1,0,1,0,0,0
BK,1,1,0,0,0,0
BKD,1,0,1,0,0,0
BKE,1,0,1,0,0,0
BKH,1,0,1,0,0,0
BKKT,0,0,1,0,0,0
BKNG,1,1,0,1,1,0
BKR,1,1,0,0,1,0
BKSY,1,0,1,0,0,0
BKTI,0,0,1,0,0,0
BKU,1,0,1,0,0,0
BKV,1,0,1,0,0,0
BL,1,0,1,0,0,0
BLBD,1,0,1,0,0,0
BLD,1,1,0,0,0,0
BLDR,1,1,0,0,0,0
BLFS,1,0,1,0,0,0
BLFY,1,0,1,0,0,0
BLK,1,1,0,1,0,0
BLKB,1,0,1,0,0,0
BLMN,1,0,1,0,0,0
BLND,1,0,1,0,0,0
BLSH,1,1,0,0,0,0
BLX,1,0,1,0,0,0
BLZE,0,0,1,0,0,0
BMBL,1,0,1,0,0,0
BMI,1,0,1,0,0,0
BMRC,1,0,1,0,0,0
BMRN,1,1,0,0,0,0
BMY,1,1,0,1,0,0
BNED,0,0,1,0,0,0
BNL,1,0,1,0,0,0
BNTC,0,0,1,0,0,0
BOC,1,0,1,0,0,0
BOH,1,0,1,0,0,0
BOKF,1,1,0,0,0,0
BOOM,1,0,1,0,0,0
BOOT,1,0,1,0,0,0
BORR,1,0,1,0,0,0
BOW,1,0,1,0,0,0
BOX,1,0,1,0,0,0
BPOP,1,1,0,0,0,0
BPRN,0,0,1,0,0,0
BR,1,1,0,0,0,0
BRBR,1,1,0,0,0,0
BRBS,0,0,1,0,0,0
BRCB,0,0,1,0,0,0
BRCC,1,0,1,0,0,0
BRK.B,1,1,0,1,0,0
BRKR,1,1,0,0,0,0
BRO,1,1,0,0,0,0
BROS,1,1,0,0,0,0
BRSL,1,0,1,0,0,0
BRSP,1,0,1,0,0,0
BRT,0,0,1,0,0,0
BRX,1,1,0,0,0,0
BRZE,1,0,1,0,0,0
BSET,0,0,1,0,0,0
BSRR,1,0,1,0,0,0
BSVN,0,0,1,0,0,0
BSX,1,1,0,1,0,0
BSY,1,1,0,0,0,0
BTBT,1,0,1,0,0,0
BTDR,1,0,1,0,0,0
BTMD,0,0,1,0,0,0
BTSG,1,0,1,0,0,0
BTU,1,0,1,0,0,0
BULL,1,0,1,0,0,0
BUR,1,0,1,0,0,0
BURL,1,1,0,0,0,0
BUSE,1,0,1,0,0,0
BV,1,0,1,0,0,0
BVFL,0,0,1,0,0,0
BVS,1,0,1,0,0,0
BWA,1,1,0,0,0,0
BWB,1,0,1,0,0,0
BWFG,0,0,1,0,0,0
BWIN,1,0,1,0,0,0
BWMN,1,0,1,0,0,0
BWXT,1,1,0,0,0,0
BX,1,1,0,0,0,0
BXC,1,0,1,0,0,0
BXMT,1,0,1,0,0,0
BXP,1,1,0,0,0,0
BY,1,0,1,0,0,0
BYD,1,1,0,0,0,0
BYND,1,0,1,0,0,0
BYRN,1,0,1,0,0,0
BZAI,0,0,1,0,0,0
BZH,1,0,1,0,0,0
C,1,1,0,0,0,0
CABO,1,0,1,0,0,0
CAC,1,0,1,0,0,0
CACC,1,1,0,0,0,0
CACI,1,1,0,0,0,0
CADL,0,0,1,0,0,0
CAG,1,1,0,0,0,0
CAH,1,1,0,0,0,0
CAI,1,1,0,0,0,0
CAKE,1,0,1,0,0,0
CAL,1,0,1,0,0,0
CALM,1,0,1,0,0,0
CALX,1,0,1,0,0,0
CALY,1,0,1,0,0,0
CAPR,1,0,1,0,0,0
CAR,1,1,0,0,0,0
CARE,1,0,1,0,0,0
CARG,1,0,1,0,0,0
CARL,0,0,1,0,0,0
CARR,1,1,0,0,0,0
CARS,1,0,1,0,0,0
CART,1,1,0,0,0,0
CASH,1,0,1,0,0,0
CASS,1,0,1,0,0,0
CASY,1,1,0,0,0,0
CAT,1,1,0,1,0,0
CATX,1,0,1,0,0,0
CATY,1,0,1,0,0,0
CAVA,1,1,0,0,0,0
CB,1,1,0,1,0,0
CBAN,1,0,1,0,0,0
CBFV,0,0,1,0,0,0
CBK,0,0,1,0,0,0
CBL,1,0,1,0,0,0
CBLL,1,0,1,0,0,0
CBNA,0,0,1,0,0,0
CBNK,0,0,1,0,0,0
CBOE,1,1,0,0,0,0
CBRE,1,1,0,0,0,0
CBRL,1,0,1,0,0,0
CBSH,1,1,0,0,0,0
CBT,1,0,1,0,0,0
CBU,1,0,1,0,0,0
CBZ,1,0,1,0,0,0
CC,1,0,1,0,0,0
CCB,1,0,1,0,0,0
CCBG,1,0,1,0,0,0
CCC,1,1,0,0,0,0
CCI,1,1,0,0,0,0
CCK,1,1,0,0,0,0
CCL,1,1,0,0,0,0
CCNE,1,0,1,0,0,0
CCOI,1,0,1,0,0,0
CCRN,1,0,1,0,0,0
CCS,1,0,1,0,0,0
CCSI,1,0,1,0,0,0
CD,0,0,1,0,0,0
CDE,1,0,1,0,0,0
CDNA,1,0,1,0,0,0
CDNS,1,1,0,1,1,0
CDP,1,0,1,0,0,0
CDRE,1,0,1,0,0,0
CDW,1,1,0,0,1,0
CDXS,1,0,1,0,0,0
CDZI,0,0,1,0,0,0
CE,1,1,0,0,0,0
CECO,1,0,1,0,0,0
CEG,1,1,0,0,1,0
CELC,1,0,1,0,0,0
CELH,1,1,0,0,0,0
CENT,1,0,1,0,0,0
CENTA,1,0,1,0,0,0
CENX,1,0,1,0,0,0
CERS,1,0,1,0,0,0
CERT,1,1,0,0,0,0
CEVA,1,0,1,0,0,0
CF,1,1,0,0,0,0
CFBK,0,0,1,0,0,0
CFFI,0,0,1,0,0,0
CFFN,1,0,1,0,0,0
CFG,1,1,0,0,0,0
CFLT,1,1,0,0,0,0
CFR,1,1,0,0,0,0
CG,1,1,0,0,0,0
CGEM,1,0,1,0,0,0
CGNX,1,1,0,0,0,0
CGON,1,0,1,0,0,0
CHCO,1,0,1,0,0,0
CHCT,1,0,1,0,0,0
CHD,1,1,0,0,0,0
CHDN,1,1,0,0,0,0
CHE,1,1,0,0,0,0
CHEF,1,0,1,0,0,0
CHH,1,1,0,0,0,0
CHMG,0,0,1,0,0,0
CHRD,1,1,0,0,0,0
CHRS,1,0,1,0,0,0
CHRW,1,1,0,0,0,0
CHTR,1,1,0,0,0,0
CHWY,1,1,0,0,0,0
CI,1,1,0,0,0,0
CIA,0,0,1,0,0,0
CIEN,1,1,0,0,0,0
CIFR,1,0,1,0,0,0
CIM,1,0,1,0,0,0
CINF,1,1,0,0,0,0
CIVB,1,0,1,0,0,0
CIX,0,0,1,0,0,0
CL,1,1,0,1,0,0
CLAR,0,0,1,0,0,0
CLB,1,0,1,0,0,0
CLBK,1,0,1,0,0,0
CLDT,1,0,1,0,0,0
CLDX,1,0,1,0,0,0
CLF,1,1,0,0,0,0
CLFD,1,0,1,0,0,0
CLH,1,1,0,0,0,0
CLMB,1,0,1,0,0,0
CLMT,1,0,1,0,0,0
CLNE,1,0,1,0,0,0
CLOV,1,0,1,0,0,0
CLPR,0,0,1,0,0,0
CLPT,1,0,1,0,0,0
CLSK,1,0,1,0,0,0
CLVT,1,1,0,0,0,0
CLW,1,0,1,0,0,0
CLX,1,1,0,0,0,0
CMC,1,0,1,0,0,0
CMCL,1,0,1,0,0,0
CMCO,1,0,1,0,0,0
CMCSA,1,1,0,1,1,0
CMDB,1,0,1,0,0,0
CME,1,1,0,1,0,0
CMG,1,1,0,1,1,0
CMI,1,1,0,0,0,0
CMP,1,0,1,0,0,0
CMPR,1,0,1,0,0,0
CMPX,1,0,1,0,0,0
CMRC,1,0,1,0,0,0
CMRE,1,0,1,0,0,0
CMS,1,1,0,0,0,0
CMT,1,0,1,0,0,0
CMTG,1,0,1,0,0,0
CNA,1,1,0,0,0,0
CNC,1,1,0,0,0,0
CNDT,1,0,1,0,0,0
CNH,1,1,0,0,0,0
CNK,1,0,1,0,0,0
CNM,1,1,0,0,0,0
CNMD,1,0,1,0,0,0
CNNE,1,0,1,0,0,0
CNO,1,0,1,0,0,0
CNOB,1,0,1,0,0,0
CNP,1,1,0,0,0,0
CNR,1,0,1,0,0,0
CNS,1,0,1,0,0,0
CNX,1,0,1,0,0,0
CNXC,1,1,0,0,0,0
CNXN,1,0,1,0,0,0
COCO,1,0,1,0,0,0
CODI,1,0,1,0,0,0
COF,1,1,0,0,0,0
COFS,1,0,1,0,0,0
COGT,1,0,1,0,0,0
COHR,1,1,0,0,0,0
COHU,1,0,1,0,0,0
COIN,1,1,0,0,0,0
COKE,1,1,0,0,0,0
COLB,1,1,0,0,0,0
COLD,1,1,0,0,0,0
COLL,1,0,1,0,0,0
COLM,1,1,0,0,0,0
COMP,1,0,1,0,0,0
CON,1,0,1,0,0,0
COO,1,1,0,0,0,0
COOK,0,0,1,0,0,0
COP,1,1,0,1,0,0
COR,1,1,0,0,0,0
CORT,1,1,0,0,0,0
CORZ,1,0,1,0,0,0
COSO,0,0,1,0,0,0
COST,1,1,0,1,1,0
COTY,1,1,0,0,0,0
COUR,1,0,1,0,0,0
CPAY,1,1,0,0,0,0
CPB,1,1,0,0,0,0
CPF,1,0,1,0,0,0
CPK,1,0,1,0,0,0
CPNG,1,1,0,0,0,0
CPRI,1,0,1,0,0,0
CPRT,1,1,0,0,1,0
CPRX,1,0,1,0,0,0
CPS,1,0,1,0,0,0
CPSS,0,0,1,0,0,0
CPT,1,1,0,0,0,0
CR,1,1,0,0,0,0
CRAI,1,0,1,0,0,0
CRC,1,0,1,0,0,0
CRCL,1,1,0,0,0,0
CRCT,1,0,1,0,0,0
CRDA,0,0,1,0,0,0
CRDF,0,0,1,0,0,0
CRDO,1,0,1,0,0,0
CRGY,1,0,1,0,0,0
CRH,1,1,0,0,0,0
CRI,1,0,1,0,0,0
CRK,1,0,1,0,0,0
CRL,1,1,0,0,0,0
CRM,1,1,0,1,0,0
CRMD,1,0,1,0,0,0
CRML,0,0,1,0,0,0
CRMT,1,0,1,0,0,0
CRNC,1,0,1,0,0,0
CRNX,1,0,1,0,0,0
CROX,1,1,0,0,0,0
CRS,1,1,0,0,0,0
CRSP,1,0,1,0,0,0
CRSR,1,0,1,0,0,0
CRUS,1,1,0,0,0,0
CRVL,1,0,1,0,0,0
CRVS,1,0,1,0,0,0
CRWD,1,1,0,0,1,0
CSCO,1,1,0,1,1,0
CSGP,1,1,0,0,0,0
CSGS,1,0,1,0,0,0
CSL,1,1,0,0,0,0
CSPI,0,0,1,0,0,0
CSR,1,0,1,0,0,0
CSTL,1,0,1,0,0,0
CSTM,1,0,1,0,0,0
CSV,1,0,1,0,0,0
CSW,1,0,1,0,0,0
CSX,1,1,0,0,0,0
CTAS,1,1,0,0,1,0
CTBI,1,0,1,0,0,0
CTEV,0,0,1,0,0,0
CTGO,0,0,1,0,0,0
CTKB,1,0,1,0,0,0
CTLP,1,0,1,0,0,0
CTO,1,0,1,0,0,0
CTOS,1,0,1,0,0,0
CTRA,1,1,0,0,0,0
CTRE,1,0,1,0,0,0
CTRI,1,0,1,0,0,0
CTRN,0,0,1,0,0,0
CTS,1,0,1,0,0,0
CTSH,1,1,0,0,1,0
CTVA,1,1,0,0,0,0
CUBE,1,1,0,0,0,0
CUBI,1,0,1,0,0,0
CURB,1,0,1,0,0,0
CURI,0,0,1,0,0,0
CURV,0,0,1,0,0,0
CUZ,1,1,0,0,0,0
CV,0,0,1,0,0,0
CVBF,1,0,1,0,0,0
CVCO,1,0,1,0,0,0
CVGW,1,0,1,0,0,0
CVI,1,0,1,0,0,0
CVLG,1,0,1,0,0,0
CVLT,1,0,1,0,0,0
CVNA,1,1,0,0,0,0
CVRX,1,0,1,0,0,0
CVS,1,1,0,0,0,0
CVX,1,1,0,1,0,0
CW,1,1,0,0,0,0
CWAN,1,0,1,0,0,0
CWBC,1,0,1,0,0,0
CWCO,1,0,1,0,0,0
CWEN,1,1,0,0,0,0
CWENA,1,1,0,0,0,0
CWH,1,0,1,0,0,0
CWK,1,0,1,0,0,0
CWST,1,0,1,0,0,0
CWT,1,0,1,0,0,0
CXDO,0,0,1,0,0,0
CXM,1,0,1,0,0,0
CXT,1,1,0,0,0,0
CXW,1,0,1,0,0,0
CYH,1,0,1,0,0,0
CYRX,1,0,1,0,0,0
CYTK,1,0,1,0,0,0
CZFS,1,0,1,0,0,0
CZNC,1,0,1,0,0,0
CZR,1,1,0,0,0,0
CZWI,0,0,1,0,0,0
D,1,1,0,0,0,0
DAKT,1,0,1,0,0,0
DAL,1,1,0,0,0,0
DAN,1,0,1,0,0,0
DAR,1,1,0,0,0,0
DASH,1,1,0,0,0,0
DAVE,1,0,1,0,0,0
DAWN,1,0,1,0,0,0
DBD,1,0,1,0,0,0
DBI,1,0,1,0,0,0
DBRG,1,0,1,0,0,0
DBX,1,1,0,0,0,0
DC,1,0,1,0,0,0
DCGO,1,0,1,0,0,0
DCH,1,0,1,0,0,0
DCI,1,1,0,0,0,0
DCO,1,0,1,0,0,0
DCOM,1,0,1,0,0,0
DCTH,0,0,1,0,0,0
DD,1,1,0,0,0,0
DDD,1,0,1,0,0,0
DDOG,1,1,0,0,1,0
DDS,1,1,0,0,0,0
DE,1,1,0,1,0,0
DEA,1,0,1,0,0,0
DEC,1,0,1,0,0,0
DECK,1,1,0,0,0,0
DEI,1,0,1,0,0,0
DELL,1,1,0,0,0,0
DERM,0,0,1,0,0,0
DFH,1,0,1,0,0,0
DFIN,1,0,1,0,0,0
DFTX,1,0,1,0,0,0
DG,1,1,0,0,0,0
DGICA,1,0,1,0,0,0
DGII,1,0,1,0,0,0
DGX,1,1,0,0,0,0
DH,1,0,1,0,0,0
DHC,1,0,1,0,0,0
DHI,1,1,0,0,0,0
DHIL,1,0,1,0,0,0
DHR,1,1,0,1,0,0
DHT,1,0,1,0,0,0
DIN,1,0,1,0,0,0
DINO,1,1,0,0,0,0
DIOD,1,0,1,0,0,0
DIS,1,1,0,1,0,0
DJCO,1,0,1,0,0,0
DJT,1,1,0,0,0,0
DK,1,0,1,0,0,0
DKNG,1,1,0,0,0,0
DKS,1,1,0,0,0,0
DLB,1,1,0,0,0,0
DLR,1,1,0,0,0,0
DLTR,1,1,0,0,1,0
DLX,1,0,1,0,0,0
DMAC,0,0,1,0,0,0
DMRC,1,0,1,0,0,0
DNA,0,0,1,0,0,0
DNLI,1,0,1,0,0,0
DNOW,1,0,1,0,0,0
DNTH,1,0,1,0,0,0
DNUT,1,0,1,0,0,0
DOC,1,1,0,0,0,0
DOCN,1,0,1,0,0,0
DOCS,1,1,0,0,0,0
DOCU,1,1,0,0,0,0
DOLE,1,0,1,0,0,0
DOMO,1,0,1,0,0,0
DORM,1,0,1,0,0,0
DOUG,0,0,1,0,0,0
DOV,1,1,0,0,0,0
DOW,1,1,0,0,0,0
DOX,1,1,0,0,0,0
DPZ,1,1,0,0,0,0
DRH,1,0,1,0,0,0
DRI,1,1,0,0,0,0
DRS,1,1,0,0,0,0
DRUG,1,0,1,0,0,0
DRVN,1,0,1,0,0,0
DSGN,1,0,1,0,0,0
DSGR,1,0,1,0,0,0
DSP,1,0,1,0,0,0
DT,1,1,0,0,0,0
DTE,1,1,0,0,0,0
DTM,1,1,0,0,0,0
DUK,1,1,0,1,0,0
DUOL,1,1,0,0,0,0
DV,1,1,0,0,0,0
DVA,1,1,0,0,0,0
DVN,1,1,0,0,0,0
DX,1,0,1,0,0,0
DXC,1,1,0,0,0,0
DXCM,1,1,0,0,1,0
DXPE,1,0,1,0,0,0
DY,1,0,1,0,0,0
DYN,1,0,1,0,0,0
EA,1,1,0,0,1,0
EAT,1,0,1,0,0,0
EB,1,0,1,0,0,0
EBAY,1,1,0,0,1,0
EBC,1,0,1,0,0,0
EBF,1,0,1,0,0,0
EBMT,0,0,1,0,0,0
EBS,1,0,1,0,0,0
ECBK,0,0,1,0,0,0
ECG,1,1,0,0,0,0
ECL,1,1,0,0,0,0
ECPG,1,0,1,0,0,0
ECVT,1,0,1,0,0,0
ED,1,1,0,0,0,0
EDIT,1,0,1,0,0,0
EE,1,0,1,0,0,0
EEFT,1,1,0,0,0,0
EEX,0,0,1,0,0,0
EFC,1,0,1,0,0,0
EFSC,1,0,1,0,0,0
EFSI,0,0,1,0,0,0
EFX,1,1,0,0,0,0
EG,1,1,0,0,0,0
EGAN,0,0,1,0,0,0
EGBN,1,0,1,0,0,0
EGHT,1,0,1,0,0,0
EGP,1,1,0,0,0,0
EGY,1,0,1,0,0,0
EHAB,1,0,1,0,0,0
EHC,1,1,0,0,0,0
EHTH,0,0,1,0,0,0
EIG,1,0,1,0,0,0
EIX,1,1,0,0,0,0
EL,1,1,0,0,0,0
ELA,0,0,1,0,0,0
ELAN,1,1,0,0,0,0
ELDN,0,0,1,0,0,0
ELF,1,1,0,0,0,0
ELMD,0,0,1,0,0,0
ELS,1,1,0,0,0,0
ELV,1,1,0,0,0,0
ELVN,1,0,1,0,0,0
EMBC,1,0,1,0,0,0
EME,1,1,0,0,0,0
EML,0,0,1,0,0,0
EMN,1,1,0,0,0,0
EMR,1,1,0,0,0,0
ENOV,1,0,1,0,0,0
ENPH,1,1,0,0,1,0
ENR,1,0,1,0,0,0
ENS,1,0,1,0,0,0
ENSG,1,0,1,0,0,0
ENTA,1,0,1,0,0,0
ENTG,1,1,0,0,0,0
ENVA,1,0,1,0,0,0
ENVX,1,0,1,0,0,0
EOG,1,1,0,1,0,0
EOLS,1,0,1,0,0,0
EOSE,1,0,1,0,0,0
EP,0,0,1,0,0,0
EPAC,1,0,1,0,0,0
EPAM,1,1,0,0,0,0
EPC,1,0,1,0,0,0
EPM,1,0,1,0,0,0
EPR,1,1,0,0,0,0
EPRT,1,0,1,0,0,0
EPSN,0,0,1,0,0,0
EQBK,1,0,1,0,0,0
EQH,1,1,0,0,0,0
EQIX,1,1,0,0,0,0
EQR,1,1,0,0,0,0
EQT,1,1,0,0,0,0
ERAS,1,0,1,0,0,0
ERII,1,0,1,0,0,0
ES,1,1,0,0,0,0
ESAB,1,1,0,0,0,0
ESCA,0,0,1,0,0,0
ESE,1,0,1,0,0,0
ESI,1,1,0,0,0,0
ESNT,1,0,1,0,0,0
ESOA,0,0,1,0,0,0
ESPR,1,0,1,0,0,0
ESQ,1,0,1,0,0,0
ESRT,1,0,1,0,0,0
ESS,1,1,0,0,0,0
ESTC,1,1,0,0,0,0
ETD,1,0,1,0,0,0
ETN,1,1,0,0,0,0
ETON,0,0,1,0,0,0
ETR,1,1,0,0,0,0
ETSY,1,1,0,0,0,0
EU,1,0,1,0,0,0
EVC,1,0,1,0,0,0
EVCM,1,0,1,0,0,0
EVER,1,0,1,0,0,0
EVEX,0,0,1,0,0,0
EVGO,1,0,1,0,0,0
EVH,1,0,1,0,0,0
EVI,0,0,1,0,0,0
EVLV,1,0,1,0,0,0
EVR,1,1,0,0,0,0
EVRG,1,1,0,0,0,0
EVTC,1,0,1,0,0,0
EW,1,1,0,0,0,0
EWBC,1,1,0,0,0,0
EWCZ,1,0,1,0,0,0
EWTX,1,0,1,0,0,0
EXAS,1,1,0,0,0,0
EXC,1,1,0,0,1,0
EXE,1,1,0,0,0,0
EXEL,1,1,0,0,0,0
EXFY,0,0,1,0,0,0
EXLS,1,1,0,0,0,0
EXP,1,1,0,0,0,0
EXPD,1,1,0,0,0,0
EXPE,1,1,0,0,0,0
EXPI,1,0,1,0,0,0
EXPO,1,0,1,0,0,0
EXR,1,1,0,0,0,0
EXTR,1,0,1,0,0,0
EYE,1,0,1,0,0,0
EYPT,1,0,1,0,0,0
F,1,1,0,0,0,0
FA,1,0,1,0,0,0
FAF,1,1,0,0,0,0
FANG,1,1,0,0,1,0
FAST,1,1,0,0,1,0
FATE,1,0,1,0,0,0
FBIN,1,1,0,0,0,0
FBIZ,1,0,1,0,0,0
FBK,1,0,1,0,0,0
FBLA,0,0,1,0,0,0
FBNC,1,0,1,0,0,0
FBP,1,0,1,0,0,0
FBRT,1,0,1,0,0,0
FBYD,0,0,1,0,0,0
FC,1,0,1,0,0,0
FCAP,0,0,1,0,0,0
FCBC,1,0,1,0,0,0
FCCO,0,0,1,0,0,0
FCF,1,0,1,0,0,0
FCFS,1,0,1,0,0,0
FCN,1,1,0,0,0,0
FCNCA,1,1,0,0,0,0
FCPT,1,0,1,0,0,0
FCX,1,1,0,1,0,0
FDBC,1,0,1,0,0,0
FDMT,1,0,1,0,0,0
FDP,1,0,1,0,0,0
FDS,1,1,0,0,0,0
FDX,1,1,0,0,0,0
FE,1,1,0,0,0,0
FEIM,0,0,1,0,0,0
FELE,1,0,1,0,0,0
FENC,0,0,1,0,0,0
FERG,1,1,0,0,0,0
FET,0,0,1,0,0,0
FF,0,0,1,0,0,0
FFAI,0,0,1,0,0,0
FFBC,1,0,1,0,0,0
FFIC,1,0,1,0,0,0
FFIN,1,0,1,0,0,0
FFIV,1,1,0,0,0,0
FFWM,1,0,1,0,0,0
FG,1,0,1,0,0,0
FHB,1,1,0,0,0,0
FHN,1,1,0,0,0,0
FHTX,0,0,1,0,0,0
FIBK,1,0,1,0,0,0
FICO,1,1,0,0,0,0
FIGR,1,1,0,0,0,0
FIGS,1,0,1,0,0,0
FIHL,1,0,1,0,0,0
FINW,0,0,1,0,0,0
FIP,1,0,1,0,0,0
FIS,1,1,0,0,0,0
FISI,1,0,1,0,0,0
FISV,1,1,0,0,0,0
FITB,1,1,0,0,0,0
FIVE,1,1,0,0,0,0
FIVN,1,0,1,0,0,0
FIX,1,1,0,0,0,0
FIZZ,1,0,1,0,0,0
FLEX,1,1,0,0,0,0
FLG,1,0,1,0,0,0
FLGT,1,0,1,0,0,0
FLNC,1,0,1,0,0,0
FLNG,1,0,1,0,0,0
FLO,1,1,0,0,0,0
FLOC,0,0,1,0,0,0
FLR,1,0,1,0,0,0
FLS,1,1,0,0,0,0
FLUT,1,1,0,0,0,0
FLWS,1,0,1,0,0,0
FLXS,0,0,1,0,0,0
FLY,1,0,1,0,0,0
FLYW,1,0,1,0,0,0
FMAO,1,0,1,0,0,0
FMBH,1,0,1,0,0,0
FMC,1,1,0,0,0,0
FMNB,1,0,1,0,0,0
FN,1,0,1,0,0,0
FNB,1,1,0,0,0,0
FND,1,1,0,0,0,0
FNF,1,1,0,0,0,0
FNKO,1,0,1,0,0,0
FNLC,1,0,1,0,0,0
FNWD,0,0,1,0,0,0
FOA,0,0,1,0,0,0
FOLD,1,0,1,0,0,0
FOR,1,0,1,0,0,0
FORM,1,0,1,0,0,0
FORR,1,0,1,0,0,0
FOUR,1,1,0,0,0,0
FOX,1,1,0,0,0,0
FOXA,1,1,0,0,0,0
FOXF,1,0,1,0,0,0
FPI,1,0,1,0,0,0
FR,1,1,0,0,0,0
FRAF,0,0,1,0,0,0
FRBA,1,0,1,0,0,0
FRD,0,0,1,0,0,0
FRGE,1,0,1,0,0,0
FRHC,1,1,0,0,0,0
FRME,1,0,1,0,0,0
FRMI,0,1,0,0,0,0
FRPH,1,0,1,0,0,0
FRPT,1,1,0,0,0,0
FRSH,1,0,1,0,0,0
FRST,1,0,1,0,0,0
FRT,1,1,0,0,0,0
FSBC,1,0,1,0,0,0
FSBW,1,0,1,0,0,0
FSLR,1,1,0,0,0,0
FSLY,1,0,1,0,0,0
FSP,0,0,1,0,0,0
FSS,1,0,1,0,0,0
FSTR,0,0,1,0,0,0
FSUN,1,0,1,0,0,0
FTAI,1,1,0,0,0,0
FTDR,1,0,1,0,0,0
FTI,1,1,0,0,0,0
FTK,0,0,1,0,0,0
FTLF,0,0,1,0,0,0
FTNT,1,1,0,0,1,0
FTRE,1,0,1,0,0,0
FTV,1,1,0,0,0,0
FUBO,1,0,1,0,0,0
FUL,1,0,1,0,0,0
FULC,1,0,1,0,0,0
FULT,1,0,1,0,0,0
FUN,1,0,1,0,0,0
FUNC,0,0,1,0,0,0
FVCB,0,0,1,0,0,0
FVR,0,0,1,0,0,0
FWONA,1,1,0,0,0,0
FWONK,1,1,0,0,0,0
FWRD,1,0,1,0,0,0
FWRG,1,0,1,0,0,0
FXNC,0,0,1,0,0,0
G,1,1,0,0,0,0
GABC,1,0,1,0,0,0
GAIA,0,0,1,0,0,0
GAMB,0,0,1,0,0,0
GAP,1,1,0,0,0,0
GATX,1,0,1,0,0,0
GBCI,1,0,1,0,0,0
GBFH,0,0,1,0,0,0
GBTG,1,0,1,0,0,0
GBX,1,0,1,0,0,0
GCBC,0,0,1,0,0,0
GCMG,1,0,1,0,0,0
GCO,1,0,1,0,0,0
GCT,1,0,1,0,0,0
GD,1,1,0,0,0,0
GDDY,1,1,0,0,0,0
GDEN,1,0,1,0,0,0
GDOT,1,0,1,0,0,0
GDYN,1,0,1,0,0,0
GE,1,1,0,1,0,0
GEF,1,0,1,0,0,0
GEFB,1,0,1,0,0,0
GEHC,1,1,0,0,1,0
GEN,1,1,0,0,0,0
GENC,0,0,1,0,0,0
GENI,1,0,1,0,0,0
GEO,1,0,1,0,0,0
GERN,1,0,1,0,0,0
GETY,1,0,1,0,0,0
GEV,1,1,0,0,0,0
GEVO,0,0,1,0,0,0
GFF,1,0,1,0,0,0
GFS,1,1,0,0,1,0
GGG,1,1,0,0,0,0
GH,1,0,1,0,0,0
GHC,1,0,1,0,0,0
GHM,1,0,1,0,0,0
GIC,1,0,1,0,0,0
GIII,1,0,1,0,0,0
GILD,1,1,0,1,1,0
GIS,1,1,0,0,0,0
GKOS,1,0,1,0,0,0
GL,1,1,0,0,0,0
GLDD,1,0,1,0,0,0
GLIBA,1,1,0,0,0,0
GLIBK,1,1,0,0,0,0
GLNG,1,0,1,0,0,0
GLOB,1,1,0,0,0,0
GLPI,1,1,0,0,0,0
GLRE,1,0,1,0,0,0
GLSI,0,0,1,0,0,0
GLUE,1,0,1,0,0,0
GLW,1,1,0,0,0,0
GM,1,1,0,0,0,0
GME,1,1,0,0,0,0
GMED,1,1,0,0,0,0
GMGI,0,0,1,0,0,0
GMRE,1,0,1,0,0,0
GNE,1,0,1,0,0,0
GNK,1,0,1,0,0,0
GNL,1,0,1,0,0,0
GNRC,1,1,0,0,0,0
GNTX,1,1,0,0,0,0
GNW,1,0,1,0,0,0
GO,1,0,1,0,0,0
GOCO,0,0,1,0,0,0
GOGO,1,0,1,0,0,0
GOLD,1,0,1,0,0,0
GOLF,1,0,1,0,0,0
GOOD,1,0,1,0,0,0
GOOG,1,1,0,0,0,0
GOOGL,1,1,0,1,1,1
GOSS,1,0,1,0,0,0
GPC,1,1,0,0,0,0
GPGI,1,0,1,0,0,0
GPI,1,0,1,0,0,0
GPK,1,1,0,0,0,0
GPN,1,1,0,0,0,0
GPOR,1,0,1,0,0,0
GPRE,1,0,1,0,0,0
GRAL,1,0,1,0,0,0
GRBK,1,0,1,0,0,0
GRC,1,0,1,0,0,0
GRDN,1,0,1,0,0,0
GRMN,1,1,0,0,0,0
GRND,1,0,1,0,0,0
GRNT,1,0,1,0,0,0
GRPN,1,0,1,0,0,0
GS,1,1,0,1,0,0
GSAT,1,0,1,0,0,0
GSBC,1,0,1,0,0,0
GSHD,1,0,1,0,0,0
GSM,0,0,1,0,0,0
GT,1,0,1,0,0,0
GTES,1,1,0,0,0,0
GTLB,1,1,0,0,0,0
GTLS,1,0,1,0,0,0
GTM,1,1,0,0,0,0
GTN,1,0,1,0,0,0
GTX,1,0,1,0,0,0
GTXI,1,0,1,0,0,0
GTY,1,0,1,0,0,0
GVA,1,0,1,0,0,0
GWRE,1,1,0,0,0,0
GWRS,0,0,1,0,0,0
GWW,1,1,0,0,0,0
GXO,1,1,0,0,0,0
GYRE,0,0,1,0,0,0
H,1,1,0,0,0,0
HAE,1,0,1,0,0,0
HAFC,1,0,1,0,0,0
HAIN,1,0,1,0,0,0
HAL,1,1,0,0,0,0
HALO,1,1,0,0,0,0
HAS,1,1,0,0,0,0
HASI,1,0,1,0,0,0
HAYW,1,1,0,0,0,0
HBAN,1,1,0,0,0,0
HBB,0,0,1,0,0,0
HBCP,1,0,1,0,0,0
HBNC,1,0,1,0,0,0
HBT,1,0,1,0,0,0
HCA,1,1,0,0,0,0
HCAT,1,0,1,0,0,0
HCC,1,0,1,0,0,0
HCI,1,0,1,0,0,0
HCKT,1,0,1,0,0,0
HCSG,1,0,1,0,0,0
HD,1,1,0,1,0,0
HDSN,1,0,1,0,0,0
HE,1,0,1,0,0,0
HEI,1,1,0,0,0,0
HEIA,1,1,0,0,0,0
HELE,1,0,1,0,0,0
HFFG,0,0,1,0,0,0
HFWA,1,0,1,0,0,0
HG,1,0,1,0,0,0
HGV,1,0,1,0,0,0
HHH,1,1,0,0,0,0
HIFS,1,0,1,0,0,0
HIG,1,1,0,0,0,0
HII,1,1,0,0,0,0
HIMS,1,0,1,0,0,0
HIPO,1,0,1,0,0,0
HIW,1,1,0,0,0,0
HL,1,0,1,0,0,0
HLF,1,0,1,0,0,0
HLI,1,1,0,0,0,0
HLIO,1,0,1,0,0,0
HLIT,1,0,1,0,0,0
HLLY,0,0,1,0,0,0
HLMN,1,0,1,0,0,0
HLNE,1,1,0,0,0,0
HLT,1,1,0,0,0,0
HLX,1,0,1,0,0,0
HMN,1,0,1,0,0,0
HNI,1,0,1,0,0,0
HNRG,1,0,1,0,0,0
HNST,1,0,1,0,0,0
HNVR,0,0,1,0,0,0
HOG,1,1,0,0,0,0
HOLX,1,1,0,0,0,0
HOMB,1,0,1,0,0,0
HON,1,1,0,1,1,0
HOOD,1,1,0,0,0,0
HOPE,1,0,1,0,0,0
HOV,1,0,1,0,0,0
HP,1,0,1,0,0,0
HPE,1,1,0,0,0,0
HPK,0,0,1,0,0,0
HPP,1,0,1,0,0,0
HPQ,1,1,0,0,0,0
HQI,0,0,1,0,0,0
HQY,1,0,1,0,0,0
HR,1,1,0,0,0,0
HRB,1,1,0,0,0,0
HRI,1,0,1,0,0,0
HRL,1,1,0,0,0,0
HRMY,1,0,1,0,0,0
HROW,1,0,1,0,0,0
HRTG,1,0,1,0,0,0
HRTX,1,0,1,0,0,0
HSHP,0,0,1,0,0,0
HSIC,1,1,0,0,0,0
HST,1,1,0,0,0,0
HSTM,1,0,1,0,0,0
HSY,1,1,0,0,0,0
HTB,1,0,1,0,0,0
HTBK,1,0,1,0,0,0
HTFL,1,0,1,0,0,0
HTH,1,0,1,0,0,0
HTLD,1,0,1,0,0,0
HTO,1,0,1,0,0,0
HTZ,1,0,1,0,0,0
HUBB,1,1,0,0,0,0
HUBG,1,0,1,0,0,0
HUBS,1,1,0,0,0,0
HUM,1,1,0,0,0,0
HUMA,1,0,1,0,0,0
HUN,1,1,0,0,0,0
HURA,0,0,1,0,0,0
HURN,1,0,1,0,0,0
HUT,1,0,1,0,0,0
HVT,1,0,1,0,0,0
HWBK,0,0,1,0,0,0
HWC,1,0,1,0,0,0
HWKN,1,0,1,0,0,0
HWM,1,1,0,0,0,0
HXL,1,1,0,0,0,0
HY,1,0,1,0,0,0
HYLN,1,0,1,0,0,0
HZO,1,0,1,0,0,0
IAC,1,1,0,0,0,0
IART,1,0,1,0,0,0
IBCP,1,0,1,0,0,0
IBEX,0,0,1,0,0,0
IBKR,1,1,0,0,0,0
IBM,1,1,0,1,0,0
IBOC,1,0,1,0,0,0
IBP,1,0,1,0,0,0
IBRX,1,0,1,0,0,0
IBTA,1,0,1,0,0,0
ICE,1,1,0,1,0,0
ICFI,1,0,1,0,0,0
ICHR,1,0,1,0,0,0
ICUI,1,0,1,0,0,0
IDA,1,1,0,0,0,0
IDCC,1,0,1,0,0,0
IDR,1,0,1,0,0,0
IDT,1,0,1,0,0,0
IDXX,1,1,0,0,1,0
IDYA,1,0,1,0,0,0
IE,1,0,1,0,0,0
IESC,1,0,1,0,0,0
IEX,1,1,0,0,0,0
IFF,1,1,0,0,0,0
IHRT,1,0,1,0,0,0
III,0,0,1,0,0,0
IIIN,1,0,1,0,0,0
IIIV,1,0,1,0,0,0
IIPR,1,0,1,0,0,0
IKT,0,0,1,0,0,0
ILMN,1,1,0,0,1,0
ILPT,1,0,1,0,0,0
IMAX,1,0,1,0,0,0
IMKTA,1,0,1,0,0,0
IMMR,1,0,1,0,0,0
IMNM,1,0,1,0,0,0
IMVT,1,0,1,0,0,0
IMXI,1,0,1,0,0,0
INBK,1,0,1,0,0,0
INBX,1,0,1,0,0,0
INCY,1,1,0,0,0,0
INDB,1,0,1,0,0,0
INDI,1,0,1,0,0,0
INDV,1,0,1,0,0,0
INGM,1,1,0,0,0,0
INGN,1,0,1,0,0,0
INGR,1,1,0,0,0,0
INH,1,0,1,0,0,0
INMB,0,0,1,0,0,0
INN,1,0,1,0,0,0
INNV,0,0,1,0,0,0
INOD,1,0,1,0,0,0
INR,1,0,1,0,0,0
INSE,1,0,1,0,0,0
INSG,0,0,1,0,0,0
INSM,1,1,0,0,0,0
INSP,1,1,0,0,0,0
INSW,1,0,1,0,0,0
INTA,1,0,1,0,0,0
INTC,1,1,0,0,0,0
INTU,1,1,0,1,1,0
INV,0,0,1,0,0,0
INVA,1,0,1,0,0,0
INVH,1,1,0,0,0,0
INVX,1,0,1,0,0,0
IONQ,1,0,1,0,0,0
IONS,1,1,0,0,0,0
IOSP,1,0,1,0,0,0
IOT,1,1,0,0,0,0
IOVA,1,0,1,0,0,0
IP,1,1,0,0,0,0
IPAR,1,0,1,0,0,0
IPGP,1,1,0,0,0,0
IPI,1,0,1,0,0,0
IQV,1,1,0,0,0,0
IR,1,1,0,0,0,0
IRDM,1,1,0,0,0,0
IRM,1,1,0,0,0,0
IRMD,1,0,1,0,0,0
IRON,1,0,1,0,0,0
IRT,1,0,1,0,0,0
IRTC,1,0,1,0,0,0
IRWD,1,0,1,0,0,0
ISPR,0,0,1,0,0,0
ISRG,1,1,0,1,1,0
ISTR,0,0,1,0,0,0
IT,1,1,0,0,0,0
ITGR,1,0,1,0,0,0
ITIC,1,0,1,0,0,0
ITRI,1,0,1,0,0,0
ITT,1,1,0,0,0,0
ITW,1,1,0,0,0,0
IVR,1,0,1,0,0,0
IVT,1,0,1,0,0,0
IVZ,1,1,0,0,0,0
IWM,0,0,0,0,0,1
J,1,1,0,0,0,0
JACK,1,0,1,0,0,0
JAKK,1,0,1,0,0,0
JANX,1,0,1,0,0,0
JAZZ,1,1,0,0,0,0
JBGS,1,0,1,0,0,0
JBHT,1,1,0,0,0,0
JBI,1,0,1,0,0,0
JBIO,1,0,1,0,0,0
JBL,1,1,0,0,0,0
JBLU,1,0,1,0,0,0
JBSS,1,0,1,0,0,0
JBTM,1,0,1,0,0,0
JCAP,0,0,1,0,0,0
JCI,1,1,0,0,0,0
JEF,1,1,0,0,0,0
JELD,1,0,1,0,0,0
JHG,1,1,0,0,0,0
JHX,1,1,0,0,0,0
JILL,0,0,1,0,0,0
JJSF,1,0,1,0,0,0
JKHY,1,1,0,0,0,0
JLL,1,1,0,0,0,0
JMSB,1,0,1,0,0,0
JNJ,1,1,0,1,0,0
JOBY,1,0,1,0,0,0
JOE,1,0,1,0,0,0
JOUT,1,0,1,0,0,0
JPM,1,1,0,1,0,0
JRVR,1,0,1,0,0,0
JXN,1,0,1,0,0,0
JYNT,0,0,1,0,0,0
KAI,1,0,1,0,0,0
KALU,1,0,1,0,0,0
KALV,1,0,1,0,0,0
KBH,1,0,1,0,0,0
KBR,1,1,0,0,0,0
KD,1,1,0,0,0,0
KDP,1,1,0,0,1,0
KE,1,0,1,0,0,0
KELYA,1,0,1,0,0,0
KEX,1,1,0,0,0,0
KEY,1,1,0,0,0,0
KEYS,1,1,0,0,0,0
KFRC,1,0,1,0,0,0
KFS,0,0,1,0,0,0
KFY,1,0,1,0,0,0
KG,0,0,1,0,0,0
KGEI,0,0,1,0,0,0
KGS,1,0,1,0,0,0
KHC,1,1,0,0,0,0
KIDS,1,0,1,0,0,0
KIM,1,1,0,0,0,0
KINS,0,0,1,0,0,0
KKR,1,1,0,0,0,0
KLAC,1,1,0,1,1,0
KLC,1,0,1,0,0,0
KLIC,1,0,1,0,0,0
KLTR,0,0,1,0,0,0
KMB,1,1,0,0,0,0
KMI,1,1,0,0,0,0
KMPR,1,1,0,0,0,0
KMT,1,0,1,0,0,0
KMTS,1,0,1,0,0,0
KMX,1,1,0,0,0,0
KN,1,0,1,0,0,0
KNF,1,0,1,0,0,0
KNSL,1,1,0,0,0,0
KNTK,1,0,1,0,0,0
KNX,1,1,0,0,0,0
KO,1,1,0,1,1,0
KOD,1,0,1,0,0,0
KODK,1,0,1,0,0,0
KOP,1,0,1,0,0,0
KOPN,1,0,1,0,0,0
KOS,1,0,1,0,0,0
KR,1,1,0,0,0,0
KRC,1,1,0,0,0,0
KREF,1,0,1,0,0,0
KRG,1,0,1,0,0,0
KRMD,0,0,1,0,0,0
KRMN,1,1,0,0,0,0
KRNY,1,0,1,0,0,0
KRO,0,0,1,0,0,0
KROS,1,0,1,0,0,0
KRRO,1,0,1,0,0,0
KRT,0,0,1,0,0,0
KRUS,1,0,1,0,0,0
KRYS,1,0,1,0,0,0
KSS,1,0,1,0,0,0
KTB,1,0,1,0,0,0
KTOS,1,0,1,0,0,0
KULR,0,0,1,0,0,0
KURA,1,0,1,0,0,0
KVUE,1,1,0,0,0,0
KW,1,0,1,0,0,0
KWR,1,0,1,0,0,0
KYMR,1,0,1,0,0,0
L,1,1,0,0,0,0
LAB,1,0,1,0,0,0
LAD,1,1,0,0,0,0
LADR,1,0,1,0,0,0
LAKE,0,0,1,0,0,0
LAMR,1,1,0,0,0,0
LAND,1,0,1,0,0,0
LARK,0,0,1,0,0,0
LASR,1,0,1,0,0,0
LAUR,1,0,1,0,0,0
LAW,1,0,1,0,0,0
LAZ,1,1,0,0,0,0
LBRDA,1,1,0,0,0,0
LBRDK,1,1,0,0,0,0
LBRT,1,0,1,0,0,0
LBRX,0,0,1,0,0,0
LBTYA,1,1,0,0,0,0
LBTYK,1,1,0,0,0,0
LC,1,0,1,0,0,0
LCID,1,1,0,0,0,0
LCII,1,0,1,0,0,0
LCNB,0,0,1,0,0,0
LDI,0,0,1,0,0,0
LDOS,1,1,0,0,0,0
LE,0,0,1,0,0,0
LEA,1,1,0,0,0,0
LECO,1,1,0,0,0,0
LEG,1,0,1,0,0,0
LEGH,0,0,1,0,0,0
LEN,1,1,0,0,0,0
LENB,1,1,0,0,0,0
LENZ,1,0,1,0,0,0
LEU,1,0,1,0,0,0
LFCR,0,0,1,0,0,0
LFMD,0,0,1,0,0,0
LFST,1,0,1,0,0,0
LFT,0,0,1,0,0,0
LFUS,1,1,0,0,0,0
LFVN,0,0,1,0,0,0
LGIH,1,0,1,0,0,0
LGN,1,0,1,0,0,0
LGND,1,0,1,0,0,0
LH,1,1,0,0,0,0
LHX,1,1,0,0,0,0
LIF,1,0,1,0,0,0
LII,1,1,0,0,0,0
LILA,1,0,1,0,0,0
LILAK,1,0,1,0,0,0
LIN,1,1,0,1,0,0
LINC,1,0,1,0,0,0
LIND,1,0,1,0,0,0
LINE,1,1,0,0,0,0
LION,1,0,1,0,0,0
LITE,1,1,0,0,0,0
LIVN,1,0,1,0,0,0
LKFN,1,0,1,0,0,0
LKQ,1,1,0,0,0,0
LLY,1,1,0,1,0,0
LLYVA,1,1,0,0,0,0
LLYVK,1,1,0,0,0,0
LMAT,1,0,1,0,0,0
LMB,1,0,1,0,0,0
LMND,1,0,1,0,0,0
LMNR,1,0,1,0,0,0
LMT,1,1,0,1,0,0
LNC,1,1,0,0,0,0
LNG,1,1,0,0,0,0
LNKB,0,0,1,0,0,0
LNN,1,0,1,0,0,0
LNSR,0,0,1,0,0,0
LNT,1,1,0,0,0,0
LNTH,1,0,1,0,0,0
LOAR,1,1,0,0,0,0
LOB,1,0,1,0,0,0
LOCO,1,0,1,0,0,0
LOPE,1,1,0,0,0,0
LOVE,1,0,1,0,0,0
LOW,1,1,0,1,0,0
LPG,1,0,1,0,0,0
LPLA,1,1,0,0,0,0
LPRO,1,0,1,0,0,0
LPX,1,1,0,0,0,0
LQDA,1,0,1,0,0,0
LQDT,1,0,1,0,0,0
LRCX,1,1,0,1,1,0
LRMR,1,0,1,0,0,0
LRN,1,0,1,0,0,0
LSCC,1,1,0,0,0,0
LSTR,1,1,0,0,0,0
LTBR,0,0,1,0,0,0
LTC,1,0,1,0,0,0
LTH,1,0,1,0,0,0
LUCD,0,0,1,0,0,0
LULU,1,1,0,0,1,0
LUMN,1,0,1,0,0,0
LUNG,1,0,1,0,0,0
LUNR,1,0,1,0,0,0
LUV,1,1,0,0,0,0
LVS,1,1,0,0,0,0
LVWR,0,0,1,0,0,0
LW,1,1,0,0,0,0
LWAY,0,0,1,0,0,0
LXEO,1,0,1,0,0,0
LXFR,1,0,1,0,0,0
LXP,1,0,1,0,0,0
LXU,1,0,1,0,0,0
LYB,1,1,0,0,0,0
LYFT,1,1,0,0,0,0
LYTS,1,0,1,0,0,0
LYV,1,1,0,0,0,0
LZ,1,0,1,0,0,0
LZB,1,0,1,0,0,0
LZM,0,0,1,0,0,0
M,1,1,0,0,0,0
MA,1,1,0,1,0,0
MAA,1,1,0,0,0,0
MAC,1,0,1,0,0,0
MAGN,0,0,1,0,0,0
MAMA,1,0,1,0,0,0
MAN,1,1,0,0,0,0
MANH,1,1,0,0,0,0
MAPS,0,0,1,0,0,0
MAR,1,1,0,0,0,0
MARA,1,0,1,0,0,0
MAS,1,1,0,0,0,0
MASI,1,1,0,0,0,0
MASS,1,0,1,0,0,0
MAT,1,1,0,0,0,0
MATV,1,0,1,0,0,0
MATW,1,0,1,0,0,0
MATX,1,0,1,0,0,0
MAX,1,0,1,0,0,0
MAZE,1,0,1,0,0,0
MBC,1,0,1,0,0,0
MBCN,1,0,1,0,0,0
MBI,1,0,1,0,0,0
MBIN,1,0,1,0,0,0
MBUU,1,0,1,0,0,0
MBWM,1,0,1,0,0,0
MBX,1,0,1,0,0,0
MC,1,0,1,0,0,0
MCB,1,0,1,0,0,0
MCBS,1,0,1,0,0,0
MCD,1,1,0,1,0,0
MCFT,1,0,1,0,0,0
MCHB,1,0,1,0,0,0
MCHP,1,1,0,0,1,0
MCK,1,1,0,0,0,0
MCO,1,1,0,1,0,0
MCRI,1,0,1,0,0,0
MCS,1,0,1,0,0,0
MCW,1,0,1,0,0,0
MCY,1,0,1,0,0,0
MD,1,0,1,0,0,0
MDB,1,1,0,0,1,0
MDGL,1,0,1,0,0,0
MDLZ,1,1,0,1,1,0
MDT,1,1,0,1,0,0
MDU,1,1,0,0,0,0
MDV,0,0,1,0,0,0
MDWD,0,0,1,0,0,0
MDXG,1,0,1,0,0,0
MEC,0,0,1,0,0,0
MED,1,0,1,0,0,0
MEDP,1,1,0,0,0,0
MEG,1,0,1,0,0,0
MEI,1,0,1,0,0,0
MET,1,1,0,0,0,0
META,1,1,0,1,1,1
METC,1,0,1,0,0,0
MFA,1,0,1,0,0,0
MFIN,0,0,1,0,0,0
MG,0,0,1,0,0,0
MGEE,1,0,1,0,0,0
MGM,1,1,0,0,0,0
MGNI,1,0,1,0,0,0
MGPI,1,0,1,0,0,0
MGRC,1,0,1,0,0,0
MGTX,1,0,1,0,0,0
MGY,1,0,1,0,0,0
MH,0,0,1,0,0,0
MHK,1,1,0,0,0,0
MHO,1,0,1,0,0,0
MIAX,1,0,1,0,0,0
MIDD,1,1,0,0,0,0
MIR,1,0,1,0,0,0
MIRM,1,0,1,0,0,0
MITK,1,0,1,0,0,0
MITT,0,0,1,0,0,0
MKC,1,1,0,0,0,0
MKL,1,1,0,0,0,0
MKSI,1,1,0,0,0,0
MKTW,0,0,1,0,0,0
MKTX,1,1,0,0,0,0
MLAB,1,0,1,0,0,0
MLI,1,1,0,0,0,0
MLKN,1,0,1,0,0,0
MLM,1,1,0,0,0,0
MLP,0,0,1,0,0,0
MLR,1,0,1,0,0,0
MLYS,1,0,1,0,0,0
MMC,0,0,0,1,0,0
MMI,1,0,1,0,0,0
MMM,1,1,0,0,0,0
MMS,1,0,1,0,0,0
MMSI,1,0,1,0,0,0
MNKD,1,0,1,0,0,0
MNPR,0,0,1,0,0,0
MNRO,1,0,1,0,0,0
MNSB,0,0,1,0,0,0
MNST,1,1,0,0,1,0
MNTK,1,0,1,0,0,0
MO,1,1,0,0,0,0
MOD,1,0,1,0,0,0
MOFG,1,0,1,0,0,0
MOGA,1,0,1,0,0,0
MOH,1,1,0,0,0,0
MORN,1,1,0,0,0,0
MOS,1,1,0,0,0,0
MOV,1,0,1,0,0,0
MP,1,1,0,0,0,0
MPAA,0,0,1,0,0,0
MPB,1,0,1,0,0,0
MPC,1,1,0,0,0,0
MPLT,0,0,1,0,0,0
MPT,1,1,0,0,0,0
MPTI,0,0,1,0,0,0
MPWR,1,1,0,0,0,0
MPX,0,0,1,0,0,0
MQ,1,0,1,0,0,0
MRBK,0,0,1,0,0,0
MRCY,1,0,1,0,0,0
MRK,1,1,0,1,0,0
MRNA,1,1,0,0,0,0
MRP,1,1,0,0,0,0
MRSH,1,1,0,0,0,0
MRTN,1,0,1,0,0,0
MRVI,1,0,1,0,0,0
MRVL,1,1,0,0,1,0
MRX,1,0,1,0,0,0
MS,1,1,0,0,0,0
MSA,1,1,0,0,0,0
MSBI,1,0,1,0,0,0
MSCI,1,1,0,0,0,0
MSEX,1,0,1,0,0,0
MSFT,1,1,0,1,1,1
MSGE,1,0,1,0,0,0
MSGS,1,1,0,0,0,0
MSI,1,1,0,0,0,0
MSM,1,1,0,0,0,0
MSTR,1,1,0,0,0,0
MTB,1,1,0,0,0,0
MTCH,1,1,0,0,0,0
MTD,1,1,0,0,0,0
MTDR,1,1,0,0,0,0
MTG,1,1,0,0,0,0
MTH,1,0,1,0,0,0
MTN,1,1,0,0,0,0
MTRN,1,0,1,0,0,0
MTRX,0,0,1,0,0,0
MTSI,1,1,0,0,0,0
MTUS,1,0,1,0,0,0
MTW,1,0,1,0,0,0
MTX,1,0,1,0,0,0
MTZ,1,1,0,0,0,0
MU,1,1,0,1,1,0
MUR,1,0,1,0,0,0
MUSA,1,1,0,0,0,0
MVBF,1,0,1,0,0,0
MVIS,1,0,1,0,0,0
MVST,1,0,1,0,0,0
MWA,1,0,1,0,0,0
MXCT,1,0,1,0,0,0
MXL,1,0,1,0,0,0
MYE,1,0,1,0,0,0
MYFW,0,0,1,0,0,0
MYGN,1,0,1,0,0,0
MYO,0,0,1,0,0,0
MYPS,1,0,1,0,0,0
MYRG,1,0,1,0,0,0
MZTI,1,0,1,0,0,0
NABL,1,0,1,0,0,0
NAGE,1,0,1,0,0,0
NAT,1,0,1,0,0,0
NATH,0,0,1,0,0,0
NATL,1,0,1,0,0,0
NATR,0,0,1,0,0,0
NAVI,1,0,1,0,0,0
NAVN,1,0,1,0,0,0
NB,1,0,1,0,0,0
NBBK,1,0,1,0,0,0
NBHC,1,0,1,0,0,0
NBIX,1,1,0,0,0,0
NBN,1,0,1,0,0,0
NBR,1,0,1,0,0,0
NBTB,1,0,1,0,0,0
NC,0,0,1,0,0,0
NCLH,1,1,0,0,0,0
NCMI,1,0,1,0,0,0
NCNO,1,1,0,0,0,0
NDAQ,1,1,0,0,0,0
NDSN,1,1,0,0,0,0
NE,1,0,1,0,0,0
NECB,1,0,1,0,0,0
NEE,1,1,0,0,0,0
NEM,1,1,0,0,0,0
NEO,1,0,1,0,0,0
NEOG,1,0,1,0,0,0
NEON,0,0,1,0,0,0
NESR,1,0,1,0,0,0
NET,1,1,0,0,0,0
NEU,1,1,0,0,0,0
NEWT,1,0,1,0,0,0
NEXN,0,0,1,0,0,0
NEXT,1,0,1,0,0,0
NFBK,1,0,1,0,0,0
NFE,1,0,1,0,0,0
NFG,1,1,0,0,0,0
NFLX,1,1,0,1,1,0
NG,1,0,1,0,0,0
NGNE,1,0,1,0,0,0
NGS,0,0,1,0,0,0
NGVC,1,0,1,0,0,0
NGVT,1,0,1,0,0,0
NHC,1,0,1,0,0,0
NHI,1,0,1,0,0,0
NI,1,1,0,0,0,0
NIC,1,0,1,0,0,0
NIQ,1,1,0,0,0,0
NJR,1,0,1,0,0,0
NKE,1,1,0,1,0,0
NKSH,0,0,1,0,0,0
NKTX,1,0,1,0,0,0
NL,0,0,1,0,0,0
NLOP,1,0,1,0,0,0
NLY,1,1,0,0,0,0
NMAX,0,0,1,0,0,0
NMIH,1,0,1,0,0,0
NMRK,1,0,1,0,0,0
NN,1,0,1,0,0,0
NNE,1,0,1,0,0,0
NNI,1,0,1,0,0,0
NNN,1,1,0,0,0,0
NNOX,1,0,1,0,0,0
NOC,1,1,0,0,0,0
NODK,0,0,1,0,0,0
NOG,1,0,1,0,0,0
NOV,1,1,0,0,0,0
NOVT,1,0,1,0,0,0
NOW,1,1,0,0,0,0
NPB,0,0,1,0,0,0
NPCE,1,0,1,0,0,0
NPK,1,0,1,0,0,0
NPKI,1,0,1,0,0,0
NPO,1,0,1,0,0,0
NPWR,0,0,1,0,0,0
NRC,1,0,1,0,0,0
NRDS,1,0,1,0,0,0
NRDY,0,0,1,0,0,0
NREF,0,0,1,0,0,0
NRG,1,1,0,0,0,0
NRIM,1,0,1,0,0,0
NRIX,1,0,1,0,0,0
NSA,1,1,0,0,0,0
NSC,1,1,0,0,0,0
NSIT,1,0,1,0,0,0
NSP,1,0,1,0,0,0
NSSC,1,0,1,0,0,0
NTAP,1,1,0,0,0,0
NTB,1,0,1,0,0,0
NTCT,1,0,1,0,0,0
NTGR,1,0,1,0,0,0
NTLA,1,0,1,0,0,0
NTNX,1,1,0,0,0,0
NTRA,1,1,0,0,0,0
NTRS,1,1,0,0,0,0
NTST,1,0,1,0,0,0
NU,1,1,0,0,0,0
NUE,1,1,0,0,0,0
NUS,1,0,1,0,0,0
NUTX,1,0,1,0,0,0
NUVB,1,0,1,0,0,0
NUVL,1,0,1,0,0,0
NVAX,1,0,1,0,0,0
NVCR,1,0,1,0,0,0
NVCT,0,0,1,0,0,0
NVDA,1,1,0,1,1,1
NVEC,1,0,1,0,0,0
NVGS,0,0,1,0,0,0
NVR,1,1,0,0,0,0
NVRI,1,0,1,0,0,0
NVST,1,1,0,0,0,0
NVT,1,1,0,0,0,0
NVTS,1,0,1,0,0,0
NWBI,1,0,1,0,0,0
NWE,1,0,1,0,0,0
NWFL,0,0,1,0,0,0
NWL,1,1,0,0,0,0
NWN,1,0,1,0,0,0
NWPX,1,0,1,0,0,0
NWS,1,1,0,0,0,0
NWSA,1,1,0,0,0,0
NX,1,0,1,0,0,0
NXDR,1,0,1,0,0,0
NXDT,1,0,1,0,0,0
NXRT,1,0,1,0,0,0
NXST,1,1,0,0,0,0
NXT,1,0,1,0,0,0
NXXT,0,0,1,0,0,0
NYT,1,1,0,0,0,0
O,1,1,0,0,0,0
OABI,1,0,1,0,0,0
OBK,1,0,1,0,0,0
OBT,1,0,1,0,0,0
OC,1,1,0,0,0,0
OCFC,1,0,1,0,0,0
OCUL,1,0,1,0,0,0
ODC,1,0,1,0,0,0
ODFL,1,1,0,0,1,0
OEC,1,0,1,0,0,0
OFG,1,0,1,0,0,0
OFIX,1,0,1,0,0,0
OFLX,1,0,1,0,0,0
OGE,1,1,0,0,0,0
OGN,1,1,0,0,0,0
OGS,1,0,1,0,0,0
OHI,1,1,0,0,0,0
OI,1,0,1,0,0,0
OII,1,0,1,0,0,0
OIS,1,0,1,0,0,0
OKE,1,1,0,0,0,0
OKLO,1,0,1,0,0,0
OKTA,1,1,0,0,0,0
OLED,1,1,0,0,0,0
OLLI,1,1,0,0,0,0
OLMA,1,0,1,0,0,0
OLN,1,1,0,0,0,0
OLP,1,0,1,0,0,0
OLPX,1,0,1,0,0,0
OM,0,0,1,0,0,0
OMC,1,1,0,0,0,0
OMCL,1,0,1,0,0,0
OMDA,0,0,1,0,0,0
OMER,1,0,1,0,0,0
OMF,1,1,0,0,0,0
ON,1,1,0,0,1,0
ONB,1,0,1,0,0,0
ONEW,1,0,1,0,0,0
ONIT,1,0,1,0,0,0
ONON,1,1,0,0,0,0
ONTF,1,0,1,0,0,0
ONTO,1,1,0,0,0,0
OOMA,1,0,1,0,0,0
OPAL,0,0,1,0,0,0
OPBK,0,0,1,0,0,0
OPCH,1,0,1,0,0,0
OPFI,0,0,1,0,0,0
OPK,1,0,1,0,0,0
OPLN,1,0,1,0,0,0
OPRT,0,0,1,0,0,0
OPRX,1,0,1,0,0,0
OPTU,1,0,1,0,0,0
ORA,1,0,1,0,0,0
ORC,1,0,1,0,0,0
ORCL,1,1,0,1,0,0
ORGO,1,0,1,0,0,0
ORI,1,1,0,0,0,0
ORIC,1,0,1,0,0,0
ORKA,1,0,1,0,0,0
ORLY,1,1,0,0,1,0
ORN,0,0,1,0,0,0
ORRF,1,0,1,0,0,0
OSBC,1,0,1,0,0,0
OSCR,1,0,1,0,0,0
OSG,1,0,1,0,0,0
OSIS,1,0,1,0,0,0
OSK,1,1,0,0,0,0
OSPN,1,0,1,0,0,0
OSUR,1,0,1,0,0,0
OSW,1,0,1,0,0,0
OTIS,1,1,0,0,0,0
OTTR,1,0,1,0,0,0
OUST,1,0,1,0,0,0
OUT,1,0,1,0,0,0
OVBC,0,0,1,0,0,0
OVLY,0,0,1,0,0,0
OVV,1,1,0,0,0,0
OWL,1,1,0,0,0,0
OXM,1,0,1,0,0,0
OXY,1,1,0,0,0,0
OZK,1,1,0,0,0,0
P5N994,1,0,1,0,0,0
PACB,1,0,1,0,0,0
PACK,1,0,1,0,0,0
PACS,1,0,1,0,0,0
PAG,1,1,0,0,0,0
PAGS,1,0,1,0,0,0
PAHC,1,0,1,0,0,0
PAL,0,0,1,0,0,0
PAMT,0,0,1,0,0,0
PANL,1,0,1,0,0,0
PANW,1,1,0,1,1,0
PAR,1,0,1,0,0,0
PARR,1,0,1,0,0,0
PATH,1,1,0,0,0,0
PATK,1,0,1,0,0,0
PAX,1,0,1,0,0,0
PAYC,1,1,0,0,0,0
PAYO,1,0,1,0,0,0
PAYS,1,0,1,0,0,0
PAYX,1,1,0,0,1,0
PB,1,1,0,0,0,0
PBF,1,0,1,0,0,0
PBFS,0,0,1,0,0,0
PBH,1,0,1,0,0,0
PBI,1,0,1,0,0,0
PBYI,0,0,1,0,0,0
PCAR,1,1,0,0,1,0
PCB,0,0,1,0,0,0
PCG,1,1,0,0,0,0
PCOR,1,1,0,0,0,0
PCRX,1,0,1,0,0,0
PCT,1,0,1,0,0,0
PCTY,1,1,0,0,0,0
PCVX,1,0,1,0,0,0
PCYO,0,0,1,0,0,0
PD,1,0,1,0,0,0
PDEX,0,0,1,0,0,0
PDFS,1,0,1,0,0,0
PDLB,0,0,1,0,0,0
PDLI,0,0,1,0,0,0
PDM,1,0,1,0,0,0
PDYN,0,0,1,0,0,0
PEB,1,0,1,0,0,0
PEBK,0,0,1,0,0,0
PEBO,1,0,1,0,0,0
PECO,1,0,1,0,0,0
PEG,1,1,0,0,0,0
PEGA,1,1,0,0,0,0
PEN,1,1,0,0,0,0
PENG,1,0,1,0,0,0
PENN,1,1,0,0,0,0
PEP,1,1,0,1,1,0
PESI,0,0,1,0,0,0
PFBC,1,0,1,0,0,0
PFE,1,1,0,1,0,0
PFG,1,1,0,0,0,0
PFGC,1,1,0,0,0,0
PFIS,1,0,1,0,0,0
PFS,1,0,1,0,0,0
PFSI,1,0,1,0,0,0
PG,1,1,0,1,0,0
PGC,1,0,1,0,0,0
PGEN,1,0,1,0,0,0
PGNY,1,0,1,0,0,0
PGR,1,1,0,0,0,0
PGY,1,0,1,0,0,0
PH,1,1,0,0,0,0
PHAT,1,0,1,0,0,0
PHIN,1,0,1,0,0,0
PHM,1,1,0,0,0,0
PHR,1,0,1,0,0,0
PI,1,0,1,0,0,0
PII,1,0,1,0,0,0
PINE,0,0,1,0,0,0
PINS,1,1,0,0,0,0
PIPR,1,0,1,0,0,0
PJT,1,0,1,0,0,0
PK,1,1,0,0,0,0
PKBK,0,0,1,0,0,0
PKE,1,0,1,0,0,0
PKG,1,1,0,0,0,0
PKOH,0,0,1,0,0,0
PKST,1,0,1,0,0,0
PL,1,0,1,0,0,0
PLAB,1,0,1,0,0,0
PLAY,1,0,1,0,0,0
PLBC,0,0,1,0,0,0
PLD,1,1,0,0,0,0
PLMR,1,0,1,0,0,0
PLNT,1,1,0,0,0,0
PLOW,1,0,1,0,0,0
PLPC,1,0,1,0,0,0
PLSE,1,0,1,0,0,0
PLTK,1,0,1,0,0,0
PLTR,1,1,0,0,0,0
PLUG,1,0,1,0,0,0
PLUS,1,0,1,0,0,0
PLX,0,0,1,0,0,0
PLXS,1,0,1,0,0,0
PM,1,1,0,1,0,0
PMT,1,0,1,0,0,0
PMTS,0,0,1,0,0,0
PNBK,0,0,1,0,0,0
PNC,1,1,0,0,0,0
PNFP,1,1,0,0,0,0
PNR,1,1,0,0,0,0
PNRG,0,0,1,0,0,0
PNTG,1,0,1,0,0,0
PNW,1,1,0,0,0,0
PODD,1,1,0,0,0,0
POOL,1,1,0,0,0,0
POR,1,0,1,0,0,0
POST,1,1,0,0,0,0
POWI,1,0,1,0,0,0
POWL,1,0,1,0,0,0
POWW,1,0,1,0,0,0
PPC,1,1,0,0,0,0
PPG,1,1,0,0,0,0
PPL,1,1,0,0,0,0
PPTA,1,0,1,0,0,0
PR,1,1,0,0,0,0
PRA,1,0,1,0,0,0
PRAA,1,0,1,0,0,0
PRAX,1,0,1,0,0,0
PRCH,1,0,1,0,0,0
PRCT,1,0,1,0,0,0
PRDO,1,0,1,0,0,0
PRG,1,0,1,0,0,0
PRGO,1,1,0,0,0,0
PRGS,1,0,1,0,0,0
PRI,1,1,0,0,0,0
PRIM,1,0,1,0,0,0
PRK,1,0,1,0,0,0
PRKS,1,0,1,0,0,0
PRLB,1,0,1,0,0,0
PRM,1,0,1,0,0,0
PRMB,1,1,0,0,0,0
PRME,1,0,1,0,0,0
PROP,0,0,1,0,0,0
PRSU,1,0,1,0,0,0
PRTA,1,0,1,0,0,0
PRTH,1,0,1,0,0,0
PRU,1,1,0,0,0,0
PRVA,1,0,1,0,0,0
PSA,1,1,0,0,0,0
PSFE,1,0,1,0,0,0
PSIX,1,0,1,0,0,0
PSMT,1,0,1,0,0,0
PSN,1,1,0,0,0,0
PSNL,0,0,1,0,0,0
PSTG,1,1,0,0,0,0
PSTL,1,0,1,0,0,0
PSX,1,1,0,0,0,0
PTC,1,1,0,0,0,0
PTCT,1,0,1,0,0,0
PTEN,1,0,1,0,0,0
PTGX,1,0,1,0,0,0
PTLO,1,0,1,0,0,0
PTON,1,0,1,0,0,0
PUBM,1,0,1,0,0,0
PUMP,1,0,1,0,0,0
PVH,1,1,0,0,0,0
PVLA,1,0,1,0,0,0
PWP,1,0,1,0,0,0
PWR,1,1,0,0,0,0
PXED,0,0,1,0,0,0
PYPL,1,1,0,0,1,0
PZZA,1,0,1,0,0,0
Q,1,1,0,0,0,0
QBTS,1,0,1,0,0,0
QCOM,1,1,0,1,1,0
QCRH,1,0,1,0,0,0
QDEL,1,0,1,0,0,0
QGEN,1,1,0,0,0,0
QLYS,1,0,1,0,0,0
QNST,1,0,1,0,0,0
QQQ,0,0,0,0,0,1
QRVO,1,1,0,0,0,0
QS,1,1,0,0,0,0
QSI,1,0,1,0,0,0
QSR,1,1,0,0,0,0
QTRX,1,0,1,0,0,0
QTWO,1,0,1,0,0,0
QUAD,0,0,1,0,0,0
QUBT,1,0,1,0,0,0
QXO,1,1,0,0,0,0
R,1,1,0,0,0,0
RAL,1,1,0,0,0,0
RAMP,1,0,1,0,0,0
RAPP,1,0,1,0,0,0
RARE,1,1,0,0,0,0
RBA,1,1,0,0,0,0
RBB,1,0,1,0,0,0
RBBN,1,0,1,0,0,0
RBC,1,1,0,0,0,0
RBCAA,1,0,1,0,0,0
RBKB,0,0,1,0,0,0
RBLX,1,1,0,0,0,0
RBRK,1,1,0,0,0,0
RC,1,0,1,0,0,0
RCAT,1,0,1,0,0,0
RCEL,1,0,1,0,0,0
RCKT,1,0,1,0,0,0
RCKY,0,0,1,0,0,0
RCL,1,1,0,0,0,0
RCMT,0,0,1,0,0,0
RCUS,1,0,1,0,0,0
RDDT,1,1,0,0,0,0
RDN,1,0,1,0,0,0
RDNT,1,0,1,0,0,0
RDVT,1,0,1,0,0,0
RDW,1,0,1,0,0,0
REAL,1,0,1,0,0,0
REAX,1,0,1,0,0,0
REFI,1,0,1,0,0,0
REG,1,1,0,0,0,0
REGN,1,1,0,1,1,0
RELL,0,0,1,0,0,0
RELY,1,0,1,0,0,0
REPL,1,0,1,0,0,0
REPX,1,0,1,0,0,0
RES,1,0,1,0,0,0
REX,1,0,1,0,0,0
REXR,1,1,0,0,0,0
REYN,1,1,0,0,0,0
REZI,1,0,1,0,0,0
RF,1,1,0,0,0,0
RGA,1,1,0,0,0,0
RGCO,0,0,1,0,0,0
RGEN,1,1,0,0,0,0
RGLD,1,1,0,0,0,0
RGNX,1,0,1,0,0,0
RGP,1,0,1,0,0,0
RGR,1,0,1,0,0,0
RGTI,1,0,1,0,0,0
RH,1,1,0,0,0,0
RHI,1,1,0,0,0,0
RHLD,1,0,1,0,0,0
RHP,1,0,1,0,0,0
RICK,1,0,1,0,0,0
RIG,1,0,1,0,0,0
RIGL,1,0,1,0,0,0
RIOT,1,0,1,0,0,0
RITM,1,1,0,0,0,0
RIVN,1,1,0,0,0,0
RJF,1,1,0,0,0,0
RKLB,1,1,0,0,0,0
RKT,1,1,0,0,0,0
RL,1,1,0,0,0,0
RLAY,1,0,1,0,0,0
RLGT,0,0,1,0,0,0
RLI,1,1,0,0,0,0
RLJ,1,0,1,0,0,0
RM,1,0,1,0,0,0
RMAX,1,0,1,0,0,0
RMBI,0,0,1,0,0,0
RMBS,1,0,1,0,0,0
RMD,1,1,0,0,0,0
RMNI,1,0,1,0,0,0
RMR,1,0,1,0,0,0
RNA,1,0,1,0,0,0
RNAC,0,0,1,0,0,0
RNG,1,1,0,0,0,0
RNGR,0,0,1,0,0,0
RNR,1,1,0,0,0,0
RNST,1,0,1,0,0,0
ROAD,1,0,1,0,0,0
ROCK,1,0,1,0,0,0
ROG,1,0,1,0,0,0
ROIV,1,1,0,0,0,0
ROK,1,1,0,0,0,0
ROKU,1,1,0,0,0,0
ROL,1,1,0,0,0,0
ROOT,1,0,1,0,0,0
ROP,1,1,0,0,1,0
ROST,1,1,0,0,1,0
RPAY,1,0,1,0,0,0
RPC,1,0,1,0,0,0
RPD,1,0,1,0,0,0
RPM,1,1,0,0,0,0
RPRX,1,1,0,0,0,0
RPT,0,0,1,0,0,0
RR,0,0,1,0,0,0
RRBI,1,0,1,0,0,0
RRC,1,1,0,0,0,0
RRR,1,0,1,0,0,0
RRX,1,1,0,0,0,0
RS,1,1,0,0,0,0
RSG,1,1,0,0,0,0
RSI,1,0,1,0,0,0
RSVR,0,0,1,0,0,0
RTX,1,1,0,1,0,0
RUM,1,0,1,0,0,0
RUN,1,0,1,0,0,0
RUSHA,1,0,1,0,0,0
RUSHB,1,0,1,0,0,0
RVLV,1,0,1,0,0,0
RVMD,1,1,0,0,0,0
RVSB,0,0,1,0,0,0
RVTY,1,1,0,0,0,0
RWT,1,0,1,0,0,0
RXO,1,0,1,0,0,0
RXRX,1,0,1,0,0,0
RXST,1,0,1,0,0,0
RXT,0,0,1,0,0,0
RYAM,1,0,1,0,0,0
RYAN,1,1,0,0,0,0
RYI,1,0,1,0,0,0
RYN,1,1,0,0,0,0
RYTM,1,0,1,0,0,0
RZLT,0,0,1,0,0,0
RZLV,1,0,1,0,0,0
S,1,1,0,0,0,0
SABR,1,0,1,0,0,0
SAFE,1,0,1,0,0,0
SAFT,1,0,1,0,0,0
SAFX,0,0,1,0,0,0
SAH,1,0,1,0,0,0
SAIA,1,1,0,0,0,0
SAIC,1,1,0,0,0,0
SAIL,1,1,0,0,0,0
SAM,1,1,0,0,0,0
SAMG,0,0,1,0,0,0
SANA,1,0,1,0,0,0
SANM,1,0,1,0,0,0
SARO,1,1,0,0,0,0
SATL,0,0,1,0,0,0
SATS,1,0,1,0,0,0
SB,1,0,1,0,0,0
SBAC,1,1,0,0,0,0
SBC,0,0,1,0,0,0
SBCF,1,0,1,0,0,0
SBFG,0,0,1,0,0,0
SBGI,1,0,1,0,0,0
SBH,1,0,1,0,0,0
SBRA,1,0,1,0,0,0
SBSI,1,0,1,0,0,0
SBT,0,0,1,0,0,0
SBUX,1,1,0,1,1,0
SCCO,1,1,0,0,0,0
SCHL,1,0,1,0,0,0
SCHW,1,1,0,1,0,0
SCI,1,1,0,0,0,0
SCL,1,0,1,0,0,0
SCSC,1,0,1,0,0,0
SCVL,1,0,1,0,0,0
SD,1,0,1,0,0,0
SDGR,1,0,1,0,0,0
SDRL,1,0,1,0,0,0
SEAT,1,0,1,0,0,0
SEB,1,1,0,0,0,0
SEE,1,1,0,0,0,0
SEG,1,0,1,0,0,0
SEI,1,0,1,0,0,0
SEIC,1,1,0,0,0,0
SEM,1,0,1,0,0,0
SEMR,1,0,1,0,0,0
SENEA,1,0,1,0,0,0
SEPN,1,0,1,0,0,0
SERV,1,0,1,0,0,0
SEVN,0,0,1,0,0,0
SEZL,1,0,1,0,0,0
SF,1,1,0,0,0,0
SFBC,0,0,1,0,0,0
SFBS,1,0,1,0,0,0
SFD,1,1,0,0,0,0
SFIX,1,0,1,0,0,0
SFL,1,0,1,0,0,0
SFM,1,1,0,0,0,0
SFNC,1,0,1,0,0,0
SFST,1,0,1,0,0,0
SG,1,0,1,0,0,0
SGC,0,0,1,0,0,0
SGHC,1,0,1,0,0,0
SGHT,0,0,1,0,0,0
SGI,1,1,0,0,0,0
SGRY,1,0,1,0,0,0
SHAK,1,0,1,0,0,0
SHBI,1,0,1,0,0,0
SHC,1,1,0,0,0,0
SHEN,1,0,1,0,0,0
SHLS,1,0,1,0,0,0
SHO,1,0,1,0,0,0
SHOO,1,0,1,0,0,0
SHW,1,1,0,1,0,0
SI,0,0,1,0,0,0
SIBN,1,0,1,0,0,0
SIEB,0,0,1,0,0,0
SIG,1,0,1,0,0,0
SIGA,1,0,1,0,0,0
SIGI,1,0,1,0,0,0
SILA,1,0,1,0,0,0
SION,1,0,1,0,0,0
SIRI,1,1,0,0,1,0
SITC,1,0,1,0,0,0
SITE,1,1,0,0,0,0
SITM,1,0,1,0,0,0
SJM,1,1,0,0,0,0
SKIL,0,0,1,0,0,0
SKIN,1,0,1,0,0,0
SKT,1,0,1,0,0,0
SKWD,1,0,1,0,0,0
SKY,1,0,1,0,0,0
SKYH,0,0,1,0,0,0
SKYT,1,0,1,0,0,0
SKYW,1,0,1,0,0,0
SKYX,0,0,1,0,0,0
SLAB,1,0,1,0,0,0
SLB,1,1,0,1,0,0
SLDB,0,0,1,0,0,0
SLDE,1,0,1,0,0,0
SLDP,1,0,1,0,0,0
SLG,1,0,1,0,0,0
SLGN,1,1,0,0,0,0
SLM,1,1,0,0,0,0
SLND,0,0,1,0,0,0
SLNO,1,0,1,0,0,0
SLP,1,0,1,0,0,0
SLQT,1,0,1,0,0,0
SLS,1,0,1,0,0,0
SLSN,0,0,1,0,0,0
SLVM,1,0,1,0,0,0
SM,1,0,1,0,0,0
SMA,1,0,1,0,0,0
SMBC,1,0,1,0,0,0
SMBK,1,0,1,0,0,0
SMC,0,0,1,0,0,0
SMCI,1,1,0,0,0,0
SMG,1,1,0,0,0,0
SMHI,0,0,1,0,0,0
SMID,0,0,1,0,0,0
SMMT,1,1,0,0,0,0
SMP,1,0,1,0,0,0
SMPL,1,0,1,0,0,0
SMR,1,0,1,0,0,0
SMTC,1,0,1,0,0,0
SMTI,0,0,1,0,0,0
SN,1,1,0,0,0,0
SNA,1,1,0,0,0,0
SNBR,1,0,1,0,0,0
SNCR,0,0,1,0,0,0
SNCY,1,0,1,0,0,0
SNDA,0,0,1,0,0,0
SNDK,1,1,0,0,0,0
SNDR,1,1,0,0,0,0
SNDX,1,0,1,0,0,0
SNEX,1,0,1,0,0,0
SNFCA,0,0,1,0,0,0
SNOW,1,1,0,0,0,0
SNPS,1,1,0,1,1,0
SNWV,0,0,1,0,0,0
SNX,1,1,0,0,0,0
SO,1,1,0,1,0,0
SOC,1,0,1,0,0,0
SOFI,1,1,0,0,0,0
SOLS,1,1,0,0,0,0
SOLV,1,1,0,0,0,0
SON,1,1,0,0,0,0
SONO,1,0,1,0,0,0
SOUN,1,0,1,0,0,0
SPB,1,0,1,0,0,0
SPFI,1,0,1,0,0,0
SPG,1,1,0,0,0,0
SPGI,1,1,0,1,0,0
SPHR,1,0,1,0,0,0
SPIR,0,0,1,0,0,0
SPNT,1,0,1,0,0,0
SPOK,1,0,1,0,0,0
SPOT,1,1,0,0,0,0
SPRY,1,0,1,0,0,0
SPSC,1,0,1,0,0,0
SPT,1,0,1,0,0,0
SPWR,0,0,1,0,0,0
SPXC,1,0,1,0,0,0
SPY,0,0,0,0,0,1
SR,1,0,1,0,0,0
SRBK,0,0,1,0,0,0
SRCE,1,0,1,0,0,0
SRE,1,1,0,0,0,0
SRPT,1,1,0,0,0,0
SRRK,1,0,1,0,0,0
SRTA,1,0,1,0,0,0
SSB,1,1,0,0,0,0
SSD,1,1,0,0,0,0
SSNC,1,1,0,0,0,0
SSP,1,0,1,0,0,0
SSRM,1,0,1,0,0,0
SSTI,1,0,1,0,0,0
SSTK,1,0,1,0,0,0
ST,1,1,0,0,0,0
STAA,1,0,1,0,0,0
STAG,1,1,0,0,0,0
STBA,1,0,1,0,0,0
STC,1,0,1,0,0,0
STE,1,1,0,0,0,0
STEL,1,0,1,0,0,0
STEP,1,0,1,0,0,0
STGW,1,0,1,0,0,0
STIM,0,0,1,0,0,0
STKL,1,0,1,0,0,0
STLD,1,1,0,0,0,0
STNE,1,0,1,0,0,0
STNG,1,0,1,0,0,0
STOK,1,0,1,0,0,0
STRA,1,0,1,0,0,0
STRL,1,0,1,0,0,0
STRS,0,0,1,0,0,0
STRT,0,0,1,0,0,0
STRW,0,0,1,0,0,0
STRZ,1,0,1,0,0,0
STT,1,1,0,0,0,0
STWD,1,1,0,0,0,0
STXS,0,0,1,0,0,0
STZ,1,1,0,0,0,0
SUI,1,1,0,0,0,0
SUNS,1,0,1,0,0,0
SUPN,1,0,1,0,0,0
SVC,1,0,1,0,0,0
SVCO,0,0,1,0,0,0
SVRA,1,0,1,0,0,0
SVV,1,0,1,0,0,0
SW,1,1,0,0,0,0
SWBI,1,0,1,0,0,0
SWIM,0,0,1,0,0,0
SWK,1,1,0,0,0,0
SWKH,0,0,1,0,0,0
SWKS,1,1,0,0,0,0
SWX,1,0,1,0,0,0
SXC,1,0,1,0,0,0
SXI,1,0,1,0,0,0
SXT,1,0,1,0,0,0
SYBT,1,0,1,0,0,0
SYF,1,1,0,0,0,0
SYK,1,1,0,1,0,0
SYNA,1,0,1,0,0,0
SYRE,1,0,1,0,0,0
SYY,1,1,0,0,0,0
T,1,1,0,1,0,0
TALK,1,0,1,0,0,0
TALO,1,0,1,0,0,0
TAP,1,1,0,0,0,0
TARA,0,0,1,0,0,0
TARS,1,0,1,0,0,0
TBBK,1,0,1,0,0,0
TBCH,1,0,1,0,0,0
TBI,1,0,1,0,0,0
TBPH,1,0,1,0,0,0
TBRG,0,0,1,0,0,0
TCBI,1,0,1,0,0,0
TCBK,1,0,1,0,0,0
TCBX,1,0,1,0,0,0
TCI,0,0,1,0,0,0
TCMD,1,0,1,0,0,0
TCX,1,0,1,0,0,0
TDAY,1,0,1,0,0,0
TDC,1,1,0,0,0,0
TDG,1,1,0,0,0,0
TDOC,1,0,1,0,0,0
TDS,1,0,1,0,0,0
TDUP,1,0,1,0,0,0
TDW,1,0,1,0,0,0
TDY,1,1,0,0,0,0
TE,1,0,1,0,0,0
TEAD,1,0,1,0,0,0
TEAM,1,1,0,0,1,0
TECH,1,1,0,0,0,0
TECX,0,0,1,0,0,0
TEM,1,1,0,0,0,0
TENB,1,0,1,0,0,0
TER,1,1,0,0,0,0
TERN,1,0,1,0,0,0
TEX,1,0,1,0,0,0
TFC,1,1,0,0,0,0
TFIN,1,0,1,0,0,0
TFSL,1,1,0,0,0,0
TFX,1,1,0,0,0,0
TG,1,0,1,0,0,0
TGLS,1,0,1,0,0,0
TGNA,1,0,1,0,0,0
TGT,1,1,0,0,0,0
TGTX,1,0,1,0,0,0
TH,1,0,1,0,0,0
THC,1,1,0,0,0,0
THFF,1,0,1,0,0,0
THG,1,1,0,0,0,0
THO,1,1,0,0,0,0
THR,1,0,1,0,0,0
THRD,1,0,1,0,0,0
THRM,1,0,1,0,0,0
THRY,1,0,1,0,0,0
TIC,1,0,1,0,0,0
TIGO,1,1,0,0,0,0
TILE,1,0,1,0,0,0
TIPT,1,0,1,0,0,0
TITN,1,0,1,0,0,0
TJX,1,1,0,1,0,0
TK,1,0,1,0,0,0
TKNO,0,0,1,0,0,0
TKO,1,1,0,0,0,0
TKR,1,1,0,0,0,0
TLN,1,1,0,0,0,0
TLS,0,0,1,0,0,0
TLSI,0,0,1,0,0,0
TMCI,1,0,1,0,0,0
TMDX,1,0,1,0,0,0
TMHC,1,0,1,0,0,0
TMO,1,1,0,1,0,0
TMP,1,0,1,0,0,0
TMUS,1,1,0,0,1,0
TNC,1,0,1,0,0,0
TNDM,1,0,1,0,0,0
TNET,1,0,1,0,0,0
TNGX,1,0,1,0,0,0
TNK,1,0,1,0,0,0
TNL,1,1,0,0,0,0
TNXP,0,0,1,0,0,0
TOI,0,0,1,0,0,0
TOL,1,1,0,0,0,0
TOST,1,1,0,0,0,0
TOWN,1,0,1,0,0,0
TPB,1,0,1,0,0,0
TPC,1,0,1,0,0,0
TPG,1,1,0,0,0,0
TPH,1,0,1,0,0,0
TPL,1,1,0,0,0,0
TPR,1,1,0,0,0,0
TR,1,0,1,0,0,0
TRAK,0,0,1,0,0,0
TRC,1,0,1,0,0,0
TRDA,1,0,1,0,0,0
TREE,1,0,1,0,0,0
TREX,1,1,0,0,0,0
TRGP,1,1,0,0,0,0
TRIP,1,0,1,0,0,0
TRMB,1,1,0,0,0,0
TRMK,1,0,1,0,0,0
TRN,1,0,1,0,0,0
TRNO,1,0,1,0,0,0
TRNS,1,0,1,0,0,0
TROW,1,1,0,0,0,0
TROX,1,0,1,0,0,0
TRS,1,0,1,0,0,0
TRST,1,0,1,0,0,0
TRTX,1,0,1,0,0,0
TRU,1,1,0,0,0,0
TRUP,1,0,1,0,0,0
TRV,1,1,0,0,0,0
TRVI,1,0,1,0,0,0
TSBK,1,0,1,0,0,0
TSCO,1,1,0,0,0,0
TSE,0,0,1,0,0,0
TSHA,1,0,1,0,0,0
TSLA,1,1,0,1,1,1
TSN,1,1,0,0,0,0
TSSI,0,0,1,0,0,0
TT,1,1,0,0,0,0
TTAM,0,0,1,0,0,0
TTC,1,1,0,0,0,0
TTD,1,1,0,0,1,0
TTEC,1,0,1,0,0,0
TTEK,1,1,0,0,0,0
TTGT,1,0,1,0,0,0
TTI,1,0,1,0,0,0
TTMI,1,0,1,0,0,0
TTWO,1,1,0,0,0,0
TUSK,0,0,1,0,0,0
TVGN,0,0,1,0,0,0
TVRD,0,0,1,0,0,0
TVTX,1,0,1,0,0,0
TW,1,1,0,0,0,0
TWI,1,0,1,0,0,0
TWLO,1,1,0,0,0,0
TWO,1,0,1,0,0,0
TWST,1,0,1,0,0,0
TXG,1,0,1,0,0,0
TXN,1,1,0,1,1,0
TXNM,1,0,1,0,0,0
TXRH,1,1,0,0,0,0
TXT,1,1,0,0,0,0
TYL,1,1,0,0,0,0
TYRA,1,0,1,0,0,0
TZOO,0,0,1,0,0,0
U,1,1,0,0,0,0
UA,1,1,0,0,0,0
UAA,1,1,0,0,0,0
UAL,1,1,0,0,0,0
UAMY,1,0,1,0,0,0
UBER,1,1,0,0,0,0
UBFO,0,0,1,0,0,0
UBSI,1,0,1,0,0,0
UCB,1,0,1,0,0,0
UCTT,1,0,1,0,0,0
UDMY,1,0,1,0,0,0
UDR,1,1,0,0,0,0
UE,1,0,1,0,0,0
UEC,1,0,1,0,0,0
UFCS,1,0,1,0,0,0
UFPI,1,0,1,0,0,0
UFPT,1,0,1,0,0,0
UGI,1,1,0,0,0,0
UHAL,1,1,0,0,0,0
UHALB,1,1,0,0,0,0
UHS,1,1,0,0,0,0
UHT,1,0,1,0,0,0
UI,1,1,0,0,0,0
UIS,1,0,1,0,0,0
ULCC,1,0,1,0,0,0
ULH,1,0,1,0,0,0
ULTA,1,1,0,0,0,0
UMBF,1,0,1,0,0,0
UMH,1,0,1,0,0,0
UNB,0,0,1,0,0,0
UNF,1,0,1,0,0,0
UNFI,1,0,1,0,0,0
UNH,1,1,0,1,0,0
UNIT,1,0,1,0,0,0
UNM,1,1,0,0,0,0
UNP,1,1,0,1,0,0
UNTY,1,0,1,0,0,0
UPB,1,0,1,0,0,0
UPBD,1,0,1,0,0,0
UPS,1,1,0,0,0,0
UPST,1,0,1,0,0,0
UPWK,1,0,1,0,0,0
URBN,1,0,1,0,0,0
URGN,1,0,1,0,0,0
URI,1,1,0,0,0,0
USAR,1,0,1,0,0,0
USAU,0,0,1,0,0,0
USB,1,1,0,0,0,0
USCB,0,0,1,0,0,0
USFD,1,1,0,0,0,0
USLM,1,0,1,0,0,0
USNA,1,0,1,0,0,0
USPH,1,0,1,0,0,0
UTHR,1,1,0,0,0,0
UTI,1,0,1,0,0,0
UTL,1,0,1,0,0,0
UTMD,1,0,1,0,0,0
UTZ,1,0,1,0,0,0
UUUU,1,0,1,0,0,0
UVE,1,0,1,0,0,0
UVSP,1,0,1,0,0,0
UVV,1,0,1,0,0,0
UWMC,1,1,0,0,0,0
V,1,1,0,1,0,0
VABK,0,0,1,0,0,0
VAC,1,0,1,0,0,0
VAL,1,0,1,0,0,0
VALU,0,0,1,0,0,0
VC,1,0,1,0,0,0
VCEL,1,0,1,0,0,0
VCTR,1,0,1,0,0,0
VCYT,1,0,1,0,0,0
VECO,1,0,1,0,0,0
VEEV,1,1,0,0,0,0
VEL,1,0,1,0,0,0
VERA,1,0,1,0,0,0
VERX,1,0,1,0,0,0
VFC,1,1,0,0,0,0
VGAS,0,0,1,0,0,0
VHI,0,0,1,0,0,0
VIA,0,0,1,0,0,0
VIAV,1,0,1,0,0,0
VICI,1,1,0,0,0,0
VICR,1,0,1,0,0,0
VIK,1,1,0,0,0,0
VIR,1,0,1,0,0,0
VIRC,0,0,1,0,0,0
VIRT,1,1,0,0,0,0
VISN,1,0,1,0,0,0
VITL,1,0,1,0,0,0
VKTX,1,1,0,0,0,0
VLGEA,0,0,1,0,0,0
VLO,1,1,0,0,0,0
VLTO,1,1,0,0,0,0
VLY,1,0,1,0,0,0
VMC,1,1,0,0,0,0
VMD,1,0,1,0,0,0
VMI,1,1,0,0,0,0
VNDA,1,0,1,0,0,0
VNO,1,1,0,0,0,0
VNOM,1,1,0,0,0,0
VNT,1,1,0,0,0,0
VOXR,0,0,1,0,0,0
VOYA,1,1,0,0,0,0
VOYG,0,0,1,0,0,0
VPG,1,0,1,0,0,0
VRDN,1,0,1,0,0,0
VRE,1,0,1,0,0,0
VREX,1,0,1,0,0,0
VRM,0,0,1,0,0,0
VRNS,1,0,1,0,0,0
VRRM,1,0,1,0,0,0
VRSK,1,1,0,0,1,0
VRSN,1,1,0,0,0,0
VRT,1,1,0,0,0,0
VRTS,1,0,1,0,0,0
VRTX,1,1,0,1,1,0
VSAT,1,0,1,0,0,0
VSCO,1,0,1,0,0,0
VSEC,1,0,1,0,0,0
VSH,1,0,1,0,0,0
VSNT,1,1,0,0,0,0
VST,1,1,0,0,0,0
VSTM,0,0,1,0,0,0
VSTS,1,0,1,0,0,0
VTEX,0,0,1,0,0,0
VTOL,1,0,1,0,0,0
VTR,1,1,0,0,0,0
VTRS,1,1,0,0,0,0
VTS,1,0,1,0,0,0
VUZI,0,0,1,0,0,0
VVV,1,1,0,0,0,0
VVX,1,0,1,0,0,0
VYGR,1,0,1,0,0,0
VYX,1,0,1,0,0,0
VZ,1,1,0,1,0,0
W,1,1,0,0,0,0
WAB,1,1,0,0,0,0
WABC,1,0,1,0,0,0
WAFD,1,0,1,0,0,0
WAL,1,1,0,0,0,0
WALD,1,0,1,0,0,0
WASH,1,0,1,0,0,0
WAT,1,1,0,0,0,0
WAY,1,0,1,0,0,0
WBD,1,1,0,0,1,0
WBS,1,1,0,0,0,0
WBTN,0,0,1,0,0,0
WCC,1,1,0,0,0,0
WD,1,0,1,0,0,0
WDAY,1,1,0,0,0,0
WDC,1,1,0,0,0,0
WDFC,1,0,1,0,0,0
WEAV,1,0,1,0,0,0
WEC,1,1,0,0,0,0
WELL,1,1,0,0,0,0
WEN,1,1,0,0,0,0
WERN,1,0,1,0,0,0
WEST,1,0,1,0,0,0
WEX,1,1,0,0,0,0
WEYS,0,0,1,0,0,0
WFC,1,1,0,0,0,0
WFRD,1,1,0,0,0,0
WGO,1,0,1,0,0,0
WGS,1,0,1,0,0,0
WH,1,1,0,0,0,0
WHD,1,0,1,0,0,0
WHG,0,0,1,0,0,0
WHR,1,1,0,0,0,0
WINA,1,0,1,0,0,0
WING,1,1,0,0,0,0
WK,1,0,1,0,0,0
WKC,1,0,1,0,0,0
WLDN,1,0,1,0,0,0
WLFC,1,0,1,0,0,0
WLK,1,1,0,0,0,0
WLY,1,0,1,0,0,0
WM,1,1,0,0,0,0
WMB,1,1,0,0,0,0
WMK,1,0,1,0,0,0
WMS,1,1,0,0,0,0
WMT,1,1,0,1,0,0
WNC,1,0,1,0,0,0
WNEB,0,0,1,0,0,0
WOOF,1,0,1,0,0,0
WOR,1,0,1,0,0,0
WPC,1,1,0,0,0,0
WRB,1,1,0,0,0,0
WRBY,1,0,1,0,0,0
WRLD,1,0,1,0,0,0
WS,1,0,1,0,0,0
WSBC,1,0,1,0,0,0
WSBF,1,0,1,0,0,0
WSC,1,1,0,0,0,0
WSFS,1,0,1,0,0,0
WSM,1,1,0,0,0,0
WSO,1,1,0,0,0,0
WSR,1,0,1,0,0,0
WST,1,1,0,0,0,0
WT,1,0,1,0,0,0
WTBA,1,0,1,0,0,0
WTFC,1,1,0,0,0,0
WTI,1,0,1,0,0,0
WTM,1,1,0,0,0,0
WTRG,1,1,0,0,0,0
WTS,1,0,1,0,0,0
WTTR,1,0,1,0,0,0
WTW,1,1,0,0,0,0
WU,1,1,0,0,0,0
WULF,1,0,1,0,0,0
WVE,1,0,1,0,0,0
WWD,1,1,0,0,0,0
WWW,1,0,1,0,0,0
WY,1,1,0,0,0,0
WYFI,0,0,1,0,0,0
WYNN,1,1,0,0,0,0
XEL,1,1,0,0,1,0
XENE,1,0,1,0,0,0
XERS,1,0,1,0,0,0
XHR,1,0,1,0,0,0
XMTR,1,0,1,0,0,0
XNCR,1,0,1,0,0,0
XOM,1,1,0,1,0,0
XOMA,0,0,1,0,0,0
XP,1,1,0,0,0,0
XPEL,1,0,1,0,0,0
XPER,1,0,1,0,0,0
XPO,1,1,0,0,0,0
XPOF,1,0,1,0,0,0
XPRO,1,0,1,0,0,0
XRAY,1,1,0,0,0,0
XRX,1,0,1,0,0,0
XYL,1,1,0,0,0,0
XYZ,1,1,0,0,0,0
YELP,1,0,1,0,0,0
YETI,1,1,0,0,0,0
YEXT,1,0,1,0,0,0
YORW,1,0,1,0,0,0
YOU,1,0,1,0,0,0
YUM,1,1,0,0,0,0
Z,1,1,0,0,0,0
ZBH,1,1,0,0,0,0
ZBIO,1,0,1,0,0,0
ZBRA,1,1,0,0,0,0
ZD,1,0,1,0,0,0
ZETA,1,0,1,0,0,0
ZEUS,1,0,1,0,0,0
ZG,1,1,0,0,0,0
ZGN,0,0,1,0,0,0
ZION,1,1,0,0,0,0
ZIP,1,0,1,0,0,0
ZM,1,1,0,0,0,0
ZS,1,1,0,0,1,0
ZSPC,0,0,1,0,0,0
ZTS,1,1,0,0,0,0
ZUMZ,1,0,1,0,0,0
ZVIA,0,0,1,0,0,0
ZVRA,1,0,1,0,0,0
ZWS,1,0,1,0,0,0
ZYME,1,0,1,0,0,0
